School_Name,City,County_Name,School_Enrollment
CAYUGA H S,Tennessee Colony,ANDERSON COUNTY,166
ELKHART H S,Elkhart,ANDERSON COUNTY,344
FRANKSTON H S,Frankston,ANDERSON COUNTY,223
NECHES H S,Palestine,ANDERSON COUNTY,95
PALESTINE H S,Palestine,ANDERSON COUNTY,1016
WESTWOOD H S,Palestine,ANDERSON COUNTY,434
SLOCUM H S,Elkhart,ANDERSON COUNTY,122
ANDREWS H S,Andrews,ANDREWS COUNTY,1146
ANDREWS EDUCATION CENTER,Andrews,ANDREWS COUNTY,57
PINEYWOODS COMMUNITY ACADEMY H S,Lufkin,ANGELINA COUNTY,261
PINEYWOOD COMMUNITY ACADEMY - LIVINGSTON,Livingston,ANGELINA COUNTY,0
HUDSON H S,Lufkin,ANGELINA COUNTY,804
STUBBLEFIELD LRN CTR,Lufkin,ANGELINA COUNTY,9
LUFKIN H S,Lufkin,ANGELINA COUNTY,2131
STUBBLEFIELD LRN CTR,Lufkin,ANGELINA COUNTY,52
HUNTINGTON H S,Huntington,ANGELINA COUNTY,468
PRIDE ALTER SCH,Huntington,ANGELINA COUNTY,10
DIBOLL H S,Diboll,ANGELINA COUNTY,499
STUBBLEFIELD LRN CTR,Lufkin,ANGELINA COUNTY,4
STUBBLEFIELD LRN CTR,Lufkin,ANGELINA COUNTY,0
CENTRAL H S,Pollok,ANGELINA COUNTY,390
STUBBLEFIELD LRN CTR,Lufkin,ANGELINA COUNTY,4
ROCKPORT-FULTON H S,Rockport,ARANSAS COUNTY,921
HOLLIDAY H S,Holliday,ARCHER COUNTY,324
WINDTHORST H S,Windthorst,ARCHER COUNTY,117
CHARLOTTE H S,Charlotte,ATASCOSA COUNTY,125
JOURDANTON H S,Jourdanton,ATASCOSA COUNTY,430
LYTLE H S,Lytle,ATASCOSA COUNTY,479
PLEASANTON H S,Pleasanton,ATASCOSA COUNTY,965
PLEASANTON ISD SCHOOL OF CHOICE,Pleasanton,ATASCOSA COUNTY,14
POTEET H S,Poteet,ATASCOSA COUNTY,461
BELLVILLE H S,Bellville,AUSTIN COUNTY,704
SEALY H S,Sealy,AUSTIN COUNTY,817
BRAZOS H S,Wallis,AUSTIN COUNTY,253
MULESHOE H S,Muleshoe,BAILEY COUNTY,362
BANDERA H S,Bandera,BANDERA COUNTY,658
BASTROP H S,Bastrop,BASTROP COUNTY,1487
CEDAR CREEK H S,Cedar Creek,BASTROP COUNTY,1743
COLORADO RIVER COLLEGIATE ACADEMY,Bastrop,BASTROP COUNTY,232
GENESIS H S,Bastrop,BASTROP COUNTY,139
ELGIN H S,Elgin,BASTROP COUNTY,1380
PHOENIX H S,Elgin,BASTROP COUNTY,48
SMITHVILLE H S,Smithville,BASTROP COUNTY,584
SEYMOUR H S,Seymour,BAYLOR COUNTY,175
A C JONES H S,Beeville,BEE COUNTY,926
SKIDMORE-TYNAN H S,Skidmore,BEE COUNTY,253
RICHARD MILBURN ALTER H S (KILLEEN),Killeen,BELL COUNTY,160
RICHARD MILBURN ACADEMY ODESSA,Odessa,BELL COUNTY,403
RICHARD MILBURN ACADEMY LUBBOCK,Lubbock,BELL COUNTY,163
RICHARD MILBURN ACADEMY HOUSTON (SUBURBAN),Houston,BELL COUNTY,214
RICHARD MILBURN ACADEMY FORT WORTH,Fort Worth,BELL COUNTY,171
RICHARD MILBURN ACADEMY CORPUS CHRISTI,Corpus Christi,BELL COUNTY,252
RICHARD MILBURN ACADEMY AMARILLO,Amarillo,BELL COUNTY,141
RICHARD MILBURN ACADEMY PASADENA,Pasadena,BELL COUNTY,196
RICHARD MILBURN ACADEMY MIDLAND SOUTH,Midland,BELL COUNTY,161
GATEWAY TECH H S,Georgetown,BELL COUNTY,80
ACADEMY H S,Little River Academy,BELL COUNTY,487
BELTON H S,Belton,BELL COUNTY,2884
BELTON NEW TECH H S AT WASKOW,Belton,BELL COUNTY,0
HOLLAND H S,Holland,BELL COUNTY,207
KILLEEN H S,Killeen,BELL COUNTY,2162
C E ELLISON H S,Killeen,BELL COUNTY,2668
KILLEEN ISD CAREER CENTER,Killeen,BELL COUNTY,0
GATEWAY H S,Killeen,BELL COUNTY,52
PATHWAYS ACADEMIC CAMPUS,Killeen,BELL COUNTY,397
HARKER HEIGHTS H S,Harker Heights,BELL COUNTY,2700
ROBERT M SHOEMAKER H S,Killeen,BELL COUNTY,2215
KILLEEN ISD EARLY COLLEGE H S,Fort Hood,BELL COUNTY,1060
CHAPARRAL H S,Killeen,BELL COUNTY,0
ROGERS H S,Rogers,BELL COUNTY,282
SALADO H S,Salado,BELL COUNTY,663
TEMPLE H S,Temple,BELL COUNTY,2292
FRED W EDWARDS ACADEMY AEC,Temple,BELL COUNTY,103
TROY H S,Troy,BELL COUNTY,445
POR VIDA ACADEMY CHARTER H S,San Antonio,BEXAR COUNTY,89
POR VIDA ACADEMY CORPUS CHRISTI,Corpus Christi,BEXAR COUNTY,48
FRANK L MADLA EARLY COLLEGE H S,San Antonio,BEXAR COUNTY,164
LEGACY TRADITIONAL SCHOOL - LEE ACADEMY,San Antonio,BEXAR COUNTY,88
POSITIVE SOLUTIONS CHARTER,San Antonio,BEXAR COUNTY,119
LIGHTHOUSE HIGH,San Antonio,BEXAR COUNTY,0
HARMONY SCHOOL OF EXCELLENCE - LAREDO,Laredo,BEXAR COUNTY,565
HENRY FORD ACADEMY ALAMEDA SCHOOL FOR ART + DESIGN,San Antonio,BEXAR COUNTY,102
ALAMO HEIGHTS H S,San Antonio,BEXAR COUNTY,1671
HARLANDALE H S,San Antonio,BEXAR COUNTY,1695
MCCOLLUM H S,San Antonio,BEXAR COUNTY,1531
HAC DAEP H S,San Antonio,BEXAR COUNTY,7
FRANK M TEJEDA ACADEMY,San Antonio,BEXAR COUNTY,204
FENLEY TRANSITIONAL H S,San Antonio,BEXAR COUNTY,6
HARLANDALE ISD STEM ECHS-ALAMO COLLEGES AT PAC,San Antonio,BEXAR COUNTY,393
JOHN F KENNEDY H S,San Antonio,BEXAR COUNTY,1100
MEMORIAL H S,San Antonio,BEXAR COUNTY,1154
STEAM AT THE FINE ARTS ACADEMY,San Antonio,BEXAR COUNTY,288
LEARN4LIFE,San Antonio,BEXAR COUNTY,0
RANDOLPH H S,Universal City,BEXAR COUNTY,468
BRACKENRIDGE H S,San Antonio,BEXAR COUNTY,1531
BURBANK H S,San Antonio,BEXAR COUNTY,1291
EDISON H S,San Antonio,BEXAR COUNTY,1474
FOX TECHNICAL H S,San Antonio,BEXAR COUNTY,466
HIGHLANDS H S,San Antonio,BEXAR COUNTY,1525
HOUSTON H S,San Antonio,BEXAR COUNTY,834
JEFFERSON H S,San Antonio,BEXAR COUNTY,1616
LANIER H S,San Antonio,BEXAR COUNTY,1409
TRAVIS EARLY COLLEGE H S,San Antonio,BEXAR COUNTY,430
COOPER ACADEMY AT NAVARRO,San Antonio,BEXAR COUNTY,394
ST PHILIP'S COLLEGE EARLY COLLEGE H S WITH SAISD,San Antonio,BEXAR COUNTY,342
CAST TECH H S,San Antonio,BEXAR COUNTY,492
TEXANS CAN ACADEMY AT HIGHLANDS H S,San Antonio,BEXAR COUNTY,269
HEALY-MURPHY,San Antonio,BEXAR COUNTY,157
SOUTH SAN ANTONIO H S,San Antonio,BEXAR COUNTY,2343
SOUTH SAN ANTONIO H S - WEST CAMPUS,San Antonio,BEXAR COUNTY,192
SOMERSET H S,Somerset,BEXAR COUNTY,1163
SHIRLEEN ZACHARIAS EARLY CLGE LEADERSHIP ACADEMY,Somerset,BEXAR COUNTY,148
LEGACY OF EDUCATIONAL EXCELLENCE H S,San Antonio,BEXAR COUNTY,2443
MACARTHUR H S,San Antonio,BEXAR COUNTY,2247
CHURCHILL H S,San Antonio,BEXAR COUNTY,2617
ROOSEVELT H S,San Antonio,BEXAR COUNTY,2653
MADISON H S,San Antonio,BEXAR COUNTY,3084
REAGAN H S,San Antonio,BEXAR COUNTY,3401
ACADEMY OF CREATIVE ED,San Antonio,BEXAR COUNTY,111
INTERNATIONAL SCHOOL OF AMERICA,San Antonio,BEXAR COUNTY,487
ALTER H S,San Antonio,BEXAR COUNTY,21
JOHNSON H S,San Antonio,BEXAR COUNTY,3186
EAST CENTRAL H S,San Antonio,BEXAR COUNTY,3125
SOUTHWEST H S,San Antonio,BEXAR COUNTY,2088
SOUTHWEST LEGACY H S,Von Ormy,BEXAR COUNTY,1976
CAST STEM H S,Von Ormy,BEXAR COUNTY,239
JJAEP,San Antonio,BEXAR COUNTY,0
HOLMES H S,San Antonio,BEXAR COUNTY,2599
JAY H S,San Antonio,BEXAR COUNTY,2631
MARSHALL H S,San Antonio,BEXAR COUNTY,2609
CLARK H S,San Antonio,BEXAR COUNTY,2851
HEALTH CAREERS H S,San Antonio,BEXAR COUNTY,905
TAFT H S,San Antonio,BEXAR COUNTY,2611
ALTERNATIVE H S,San Antonio,BEXAR COUNTY,22
O'CONNOR H S,Helotes,BEXAR COUNTY,3113
WARREN H S,San Antonio,BEXAR COUNTY,2925
STEVENS H S,San Antonio,BEXAR COUNTY,2830
BRANDEIS H S,San Antonio,BEXAR COUNTY,2870
BRENNAN H S,San Antonio,BEXAR COUNTY,2764
HARLAN H S,San Antonio,BEXAR COUNTY,3173
GALM ROAD AREA H S,San Antonio,BEXAR COUNTY,0
JUDSON H S,Converse,BEXAR COUNTY,2587
JUDSON LEARNING ACAD,San Antonio,BEXAR COUNTY,63
KAREN WAGNER H S,San Antonio,BEXAR COUNTY,2402
JUDSON EARLY COLLEGE ACADEMY,San Antonio,BEXAR COUNTY,441
VETERANS MEMORIAL H S,San Antonio,BEXAR COUNTY,1662
SOUTHSIDE H S,San Antonio,BEXAR COUNTY,1690
LYNDON B JOHNSON H S,Johnson City,BLANCO COUNTY,209
BLANCO H S,Blanco,BLANCO COUNTY,355
LAMESA DAEP,Lamesa,BORDEN COUNTY,0
CLIFTON H S,Clifton,BOSQUE COUNTY,282
VALLEY MILLS H S,Crawford,BOSQUE COUNTY,175
DEKALB H S,De Kalb,BOWIE COUNTY,240
HOOKS H S,Hooks,BOWIE COUNTY,302
NEW BOSTON H S,New Boston,BOWIE COUNTY,329
REDWATER H S,Texarkana,BOWIE COUNTY,345
TEXAS H S,Texarkana,BOWIE COUNTY,1770
OPTIONS,Texarkana,BOWIE COUNTY,58
LIBERTY-EYLAU H S,Texarkana,BOWIE COUNTY,651
JAMES BOWIE H S,Simms,BOWIE COUNTY,162
PLEASANT GROVE H S,Texarkana,BOWIE COUNTY,735
ALVIN H S,Alvin,BRAZORIA COUNTY,2895
MANVEL H S,Manvel,BRAZORIA COUNTY,2561
RISE,Alvin,BRAZORIA COUNTY,111
SHADOW CREEK H S,Pearland,BRAZORIA COUNTY,2531
NEW H S,Alvin,BRAZORIA COUNTY,0
ANGLETON H S,Angleton,BRAZORIA COUNTY,1988
DANBURY H S,Danbury,BRAZORIA COUNTY,269
BRAZOSPORT H S,Freeport,BRAZORIA COUNTY,930
BRAZOSWOOD H S,Clute,BRAZORIA COUNTY,2459
BRAZOS SUCCESS ACADEMY,Lake Jackson,BRAZORIA COUNTY,117
SWEENY H S,Sweeny,BRAZORIA COUNTY,562
COLUMBIA H S,West Columbia,BRAZORIA COUNTY,852
PEARLAND H S,Pearland,BRAZORIA COUNTY,3131
PACE CENTER,Pearland,BRAZORIA COUNTY,0
GLENDA DAWSON H S,Pearland,BRAZORIA COUNTY,2568
ROBERT TURNER COLLEGE AND CAREER H S,Pearland,BRAZORIA COUNTY,1191
A & M CONS H S,College Station,BRAZOS COUNTY,1897
COLLEGE STATION H S,College Station,BRAZOS COUNTY,2069
COLLEGE VIEW H S,College Station,BRAZOS COUNTY,76
TRAVIS B BRYAN H S,Bryan,BRAZOS COUNTY,2392
JAMES EARL RUDDER H S,Bryan,BRAZOS COUNTY,1683
BRYAN COLLEGIATE H S,Bryan,BRAZOS COUNTY,478
ALPINE H S,Alpine,BREWSTER COUNTY,318
FALFURRIAS H S,Falfurrias,BROOKS COUNTY,391
BANGS H S,Bangs,BROWN COUNTY,255
BROWNWOOD H S,Brownwood,BROWN COUNTY,962
BROWNWOOD ACCELERATED H S,Brownwood,BROWN COUNTY,16
EARLY H S,Early,BROWN COUNTY,350
CALDWELL H S,Caldwell,BURLESON COUNTY,518
BURNET H S,Burnet,BURNET COUNTY,951
QUEST H S,Burnet,BURNET COUNTY,38
MARBLE FALLS H S,Marble Falls,BURNET COUNTY,1195
FALLS CAREER H S,Marble Falls,BURNET COUNTY,53
LOCKHART H S,Lockhart,CALDWELL COUNTY,1752
LOCKHART PRIDE H S,Lockhart,CALDWELL COUNTY,56
LULING H S,Luling,CALDWELL COUNTY,403
CALHOUN H S,Port Lavaca,CALHOUN COUNTY,1028
HOPE H S,Port Lavaca,CALHOUN COUNTY,20
CLYDE H S,Clyde,CALLAHAN COUNTY,403
EULA H S,Clyde,CALLAHAN COUNTY,103
HANNA EARLY COLLEGE H S,Brownsville,CAMERON COUNTY,2441
PORTER EARLY COLLEGE H S,Brownsville,CAMERON COUNTY,1953
PACE EARLY COLLEGE H S,Brownsville,CAMERON COUNTY,2064
RIVERA EARLY COLLEGE H S,Brownsville,CAMERON COUNTY,2339
LOPEZ EARLY COLLEGE H S,Brownsville,CAMERON COUNTY,1922
BROWNSVILLE EARLY COLLEGE H S,Brownsville,CAMERON COUNTY,400
VETERANS MEMORIAL EARLY COLLEGE H S,Brownsville,CAMERON COUNTY,2092
HARLINGEN H S,Harlingen,CAMERON COUNTY,2070
HARLINGEN H S - SOUTH,Harlingen,CAMERON COUNTY,1597
HARLINGEN COLLEGIATE H S,Harlingen,CAMERON COUNTY,353
LA FERIA H S,La Feria,CAMERON COUNTY,970
LA FERIA ACADEMY,La Feria,CAMERON COUNTY,33
LOS FRESNOS H S,Los Fresnos,CAMERON COUNTY,3248
PORT ISABEL H S,Port Isabel,CAMERON COUNTY,648
RIO HONDO H S,Rio Hondo,CAMERON COUNTY,526
GATEWAY TO GRADUATION ACADEMY,San Benito,CAMERON COUNTY,113
SANTA MARIA H S,La Feria,CAMERON COUNTY,162
SANTA ROSA H S,Santa Rosa,CAMERON COUNTY,323
SOUTH TEXAS ISD WORLD SCHOLARS,Edinburg,CAMERON COUNTY,557
SOUTH TEXAS ISD MEDICAL PROFESSIONS,Olmito,CAMERON COUNTY,879
SOUTH TEXAS ISD SCIENCE ACADEMY,Mercedes,CAMERON COUNTY,794
PITTSBURG H S,Pittsburg,CAMP COUNTY,679
PANHANDLE H S,Panhandle,CARSON COUNTY,192
ATLANTA H S,Atlanta,CASS COUNTY,469
HUGHES SPRINGS H S,Hughes Springs,CASS COUNTY,324
LINDEN-KILDARE H S,Linden,CASS COUNTY,189
MCLEOD H S,Bivins,CASS COUNTY,128
QUEEN CITY H S,Queen City,CASS COUNTY,333
DIMMITT H S,Dimmitt,CASTRO COUNTY,342
ANAHUAC H S,Anahuac,CHAMBERS COUNTY,394
BARBERS HILL H S,Baytown,CHAMBERS COUNTY,1778
EAST CHAMBERS H S,Winnie,CHAMBERS COUNTY,436
ALTO H S,Alto,CHEROKEE COUNTY,191
JACKSONVILLE H S,Jacksonville,CHEROKEE COUNTY,1222
RUSK H S,Rusk,CHEROKEE COUNTY,591
CHILDRESS H S,Childress,CHILDRESS COUNTY,288
HENRIETTA H S,Henrietta,CLAY COUNTY,272
COLEMAN H S,Coleman,COLEMAN COUNTY,237
ANNA H S,Anna,COLLIN COUNTY,1080
CELINA H S,Celina,COLLIN COUNTY,914
FARMERSVILLE H S,Farmersville,COLLIN COUNTY,590
FRISCO H S,Frisco,COLLIN COUNTY,1836
CENTENNIAL H S,Frisco,COLLIN COUNTY,2092
STUDENT OPPORTUNITY CENTER,Frisco,COLLIN COUNTY,0
WAKELAND H S,Frisco,COLLIN COUNTY,2099
LIBERTY H S,Frisco,COLLIN COUNTY,2002
HERITAGE H S,Frisco,COLLIN COUNTY,2102
LONE STAR H S,Frisco,COLLIN COUNTY,2147
INDEPENDENCE H S,Frisco,COLLIN COUNTY,2278
REEDY H S,Frisco,COLLIN COUNTY,2100
LEBANON TRAIL H S,Frisco,COLLIN COUNTY,1886
MEMORIAL H S,Frisco,COLLIN COUNTY,1821
EMERSON H S,Mckinney,COLLIN COUNTY,0
PANTHER CREEK H S,Frisco,COLLIN COUNTY,0
CAREER & TECHNOLOGY EDUCATION CENTER,Frisco,COLLIN COUNTY,0
MCKINNEY H S,Mckinney,COLLIN COUNTY,2976
MCKINNEY NORTH H S,Mckinney,COLLIN COUNTY,2171
SERENITY HIGH,Mckinney,COLLIN COUNTY,6
MCKINNEY BOYD H S,Mckinney,COLLIN COUNTY,2743
MELISSA H S,Melissa,COLLIN COUNTY,1145
PLANO EAST SR H S,Plano,COLLIN COUNTY,3123
PLANO ISD ACADEMY H S,Plano,COLLIN COUNTY,415
ADULT BASIC ED,Plano,COLLIN COUNTY,0
NIGHT SCH,Plano,COLLIN COUNTY,0
E-SCHOOL,Plano,COLLIN COUNTY,0
PRINCETON H S,Princeton,COLLIN COUNTY,1607
PROSPER H S,Prosper,COLLIN COUNTY,2805
ROCK HILL H S,Frisco,COLLIN COUNTY,2017
NEW H S #3,Prosper,COLLIN COUNTY,0
WYLIE H S,Wylie,COLLIN COUNTY,2872
WYLIE EAST H S,Wylie,COLLIN COUNTY,2223
3RD H S,Wylie,COLLIN COUNTY,0
BLUE RIDGE H S,Blue Ridge,COLLIN COUNTY,282
COMMUNITY H S,Nevada,COLLIN COUNTY,771
SERENITY HIGH,Mckinney,COLLIN COUNTY,0
LOVEJOY H S,Allen,COLLIN COUNTY,1569
WELLINGTON H S,Wellington,COLLINGSWORTH COUNTY,140
COLUMBUS H S,Columbus,COLORADO COUNTY,491
RICE H S,Altair,COLORADO COUNTY,332
RICE CHALLENGE ACADEMY,Eagle Lake,COLORADO COUNTY,61
WEIMAR H S,Weimar,COLORADO COUNTY,190
NEW BRAUNFELS H S,New Braunfels,COMAL COUNTY,1869
CANYON H S,New Braunfels,COMAL COUNTY,2469
SMITHSON VALLEY H S,Spring Branch,COMAL COUNTY,3123
CANYON LAKE H S,Fischer,COMAL COUNTY,1082
DAVENPORT H S,San Antonio,COMAL COUNTY,538
PIEPER H S,San Antonio,COMAL COUNTY,0
MEMORIAL EARLY COLLEGE H S WITH ST PHILIP'S,New Braunfels,COMAL COUNTY,379
HILL COUNTRY COLLEGE PREP H S,Spring Branch,COMAL COUNTY,46
COMAL ACADEMY,New Braunfels,COMAL COUNTY,53
COMANCHE H S,Comanche,COMANCHE COUNTY,355
DE LEON H S,De Leon,COMANCHE COUNTY,225
GAINESVILLE H S,Gainesville,COOKE COUNTY,840
VALLEY VIEW H S,Valley View,COOKE COUNTY,261
CALLISBURG H S,Gainesville,COOKE COUNTY,339
GATESVILLE H S,Gatesville,CORYELL COUNTY,848
COPPERAS COVE H S,Copperas Cove,CORYELL COUNTY,2205
CROSSROADS H S,Copperas Cove,CORYELL COUNTY,134
CRANE H S,Crane,CRANE COUNTY,319
OZONA H S,Ozona,CROCKETT COUNTY,233
RALLS H S,Ralls,CROSBY COUNTY,119
RECOVERY EDUCATION CAMPUS,Ralls,CROSBY COUNTY,8
DALHART H S,Dalhart,DALLAM COUNTY,457
UPLIFT EDUCATION-NORTH HILLS PREP H S,Irving,DALLAS COUNTY,506
UPLIFT WILLIAMS PREPARATORY H S,Dallas,DALLAS COUNTY,589
UPLIFT LUNA PREPARATORY H S,Dallas,DALLAS COUNTY,515
UPLIFT HEIGHTS PREPARATORY H S,Dallas,DALLAS COUNTY,540
UPLIFT HAMPTON PREPARATORY H S,Dallas,DALLAS COUNTY,356
UPLIFT SUMMIT INTERNATIONAL H S,Arlington,DALLAS COUNTY,489
UPLIFT ATLAS PREPARATORY - H S,Dallas,DALLAS COUNTY,495
UPLIFT INFINITY H S,Irving,DALLAS COUNTY,337
UPLIFT MIGHTY H S,Fort Worth,DALLAS COUNTY,419
UPLIFT GRAND H S,Grand Prairie,DALLAS COUNTY,347
WISDOM H S,Dallas,DALLAS COUNTY,205
TEXANS CAN ACADEMY - OAK CLIFF,Dallas,DALLAS COUNTY,516
TEXANS CAN ACADEMY - AUSTIN,Austin,DALLAS COUNTY,286
TEXANS CAN ACADEMY - FORT WORTH WESTCREEK,Fort Worth,DALLAS COUNTY,332
TEXANS CAN ACADEMY - HOUSTON NORTH,Houston,DALLAS COUNTY,397
TEXANS CAN ACADEMY - HOUSTON HOBBY,Dallas,DALLAS COUNTY,410
TEXANS CAN ACADEMY - HOUSTON SOUTHWEST,Houston,DALLAS COUNTY,296
TEXANS CAN ACADEMY - GARLAND,Garland,DALLAS COUNTY,266
LIFE H S WAXAHACHIE,Waxahachie,DALLAS COUNTY,934
WINFREE ACADEMY CHARTER SCHOOL (IRVING),Irving,DALLAS COUNTY,168
WINFREE ACADEMY CHARTER SCHOOL (LEWISVILLE),Lewisville,DALLAS COUNTY,167
WINFREE ACADEMY CHARTER SCHOOL (RICHARDSON),Richardson,DALLAS COUNTY,232
WINFREE ACADEMY CHARTER SCHOOL - GRAND PRAIRIE,Grand Prairie,DALLAS COUNTY,277
WINFREE ACADEMY NORTH RICHLAND HILLS,North Richland Hills,DALLAS COUNTY,251
WINFREE ACADEMY CHARTER SCHOOL DALLAS,Dallas,DALLAS COUNTY,181
EVOLUTION ACADEMY CHARTER SCHOOL,Richardson,DALLAS COUNTY,321
EVOLUTION ACADEMY BEAUMONT,Beaumont,DALLAS COUNTY,143
EVOLUTION ACADEMY HOUSTON,Spring,DALLAS COUNTY,203
ILTEXAS GARLAND H S,Garland,DALLAS COUNTY,634
ILTEXAS ARLINGTON-GRAND PRAIRIE H S,Grand Prairie,DALLAS COUNTY,717
ILTEXAS KELLER SAGINAW H S,Fort Worth,DALLAS COUNTY,725
ILTEXAS KATY WESTPARK H S,Richmond,DALLAS COUNTY,691
ILTEXAS LANCASTER DESOTO H S,Desoto,DALLAS COUNTY,153
ILTEXAS HOUSTON WINDMILL LAKES OREM H S,Houston,DALLAS COUNTY,335
ILTEXAS AGGIELAND H S,College Station,DALLAS COUNTY,91
TURNER H S,Carrollton,DALLAS COUNTY,2135
SMITH H S,Carrollton,DALLAS COUNTY,1992
GRIMES EDUCATION CENTER,Carrollton,DALLAS COUNTY,60
CREEKVIEW H S,Carrollton,DALLAS COUNTY,1724
RANCHVIEW H S,Irving,DALLAS COUNTY,934
EARLY COLLEGE H S,Dallas,DALLAS COUNTY,341
CEDAR HILL H S,Cedar Hill,DALLAS COUNTY,2277
CEDAR HILL COLLEGIATE H S,Cedar Hill,DALLAS COUNTY,365
BRYAN ADAMS H S,Dallas,DALLAS COUNTY,2215
W H ADAMSON H S,Dallas,DALLAS COUNTY,1558
NEW TECH H S AT B F DARRELL H S,Dallas,DALLAS COUNTY,321
MOISES E MOLINA H S,Dallas,DALLAS COUNTY,2155
HILLCREST H S,Dallas,DALLAS COUNTY,1488
THOMAS JEFFERSON H S,Dallas,DALLAS COUNTY,1606
JUSTIN F KIMBALL H S,Dallas,DALLAS COUNTY,1436
LINCOLN HUMANITIES/COMMUNICATIONS MAGNET HIGH SCH,Dallas,DALLAS COUNTY,689
FRANKLIN D ROOSEVELT H S OF INNOVATION,Dallas,DALLAS COUNTY,690
W W SAMUELL H S,Dallas,DALLAS COUNTY,1940
SEAGOVILLE H S,Dallas,DALLAS COUNTY,1643
SOUTH OAK CLIFF H S,Dallas,DALLAS COUNTY,1421
H GRADY SPRUCE H S,Dallas,DALLAS COUNTY,1797
SUNSET H S,Dallas,DALLAS COUNTY,2078
W T WHITE H S,Dallas,DALLAS COUNTY,2060
WOODROW WILSON H S,Dallas,DALLAS COUNTY,1899
DAVID W CARTER H S,Dallas,DALLAS COUNTY,1098
NORTH DALLAS H S,Dallas,DALLAS COUNTY,1194
SKYLINE H S,Dallas,DALLAS COUNTY,4147
SCHOOL OF SCIENCE AND ENGINEERING,Dallas,DALLAS COUNTY,513
EMMETT J CONRAD H S,Dallas,DALLAS COUNTY,1274
BARBARA M MANNS H S DAEP,Dallas,DALLAS COUNTY,12
JAMES MADISON H S,Dallas,DALLAS COUNTY,501
SCHOOL OF BUSINESS AND MANAGEMENT,Dallas,DALLAS COUNTY,497
BOOKER T WASHINGTON SPVA MAGNET,Dallas,DALLAS COUNTY,999
SCHOOL OF HEALTH PROFESSIONS,Dallas,DALLAS COUNTY,505
ROSIE SORRELLS EDUCATION AND SOCIAL SERVICES H S,Dallas,DALLAS COUNTY,237
JUDGE BAREFOOT SANDERS LAW MAGNET,Dallas,DALLAS COUNTY,459
SCHOOL FOR THE TALENTED AND GIFTED,Dallas,DALLAS COUNTY,464
KATHLYN JOY GILLIAM COLLEGIATE ACADEMY,Dallas,DALLAS COUNTY,396
TRINIDAD GARZA EARLY COLLEGE AT MT VIEW,Dallas,DALLAS COUNTY,449
DR WRIGHT L LASSITER JR EARLY COLLEGE H S,Dallas,DALLAS COUNTY,267
WILMER-HUTCHINS H S,Dallas,DALLAS COUNTY,985
INNOVATION DESIGN ENTREPRENEURSHIP ACADEMY,Dallas,DALLAS COUNTY,254
CITYLAB H S,Dallas,DALLAS COUNTY,271
RESERVED FOR FUTURE USE,Dallas,DALLAS COUNTY,0
DESOTO H S,Desoto,DALLAS COUNTY,2800
DUNCANVILLE H S,Duncanville,DALLAS COUNTY,4468
MARY E SMITHEY PACE H S,Duncanville,DALLAS COUNTY,96
GARLAND H S,Garland,DALLAS COUNTY,2368
S GARLAND H S,Garland,DALLAS COUNTY,2085
N GARLAND H S,Garland,DALLAS COUNTY,2781
LAKEVIEW CENTENNIAL H S,Garland,DALLAS COUNTY,2572
NAAMAN FOREST H S,Garland,DALLAS COUNTY,2175
ROWLETT H S,Rowlett,DALLAS COUNTY,2378
SACHSE H S,Sachse,DALLAS COUNTY,2826
GRAND PRAIRIE H S,Grand Prairie,DALLAS COUNTY,2998
SOUTH GRAND PRAIRIE H S,Grand Prairie,DALLAS COUNTY,3383
JOHN A DUBISKI CAREER H S,Grand Prairie,DALLAS COUNTY,1572
HIGHLAND PARK H S,Dallas,DALLAS COUNTY,2212
IRVING H S,Irving,DALLAS COUNTY,2734
MACARTHUR H S,Irving,DALLAS COUNTY,2770
NIMITZ H S,Irving,DALLAS COUNTY,2553
JACK E SINGLEY ACADEMY,Irving,DALLAS COUNTY,1674
SOUTH IRVING COLLEGIATE ACADEMY,Irving,DALLAS COUNTY,0
LANCASTER H S,Lancaster,DALLAS COUNTY,2193
MESQUITE H S,Mesquite,DALLAS COUNTY,2571
NORTH MESQUITE H S,Mesquite,DALLAS COUNTY,2401
WEST MESQUITE H S,Mesquite,DALLAS COUNTY,2272
POTEET H S,Mesquite,DALLAS COUNTY,1751
HORN H S,Mesquite,DALLAS COUNTY,3101
LAKE HIGHLANDS H S,Dallas,DALLAS COUNTY,2780
RICHARDSON H S,Richardson,DALLAS COUNTY,2795
PEARCE H S,Richardson,DALLAS COUNTY,2396
BERKNER H S,Richardson,DALLAS COUNTY,2429
SUNNYVALE H S,Sunnyvale,DALLAS COUNTY,629
COPPELL H S,Coppell,DALLAS COUNTY,3789
NEW TECH H S AT COPPELL,Coppell,DALLAS COUNTY,374
HEREFORD H S,Hereford,DEAF SMITH COUNTY,1115
COOPER H S,Cooper,DELTA COUNTY,232
RYAN H S,Denton,DENTON COUNTY,2197
DENTON H S,Denton,DENTON COUNTY,2023
GUYER H S,Denton,DENTON COUNTY,2621
RAY BRASWELL H S,Aubrey,DENTON COUNTY,2446
FRED MOORE H S,Denton,DENTON COUNTY,66
LEWISVILLE H S,Lewisville,DENTON COUNTY,4357
MARCUS H S,Flower Mound,DENTON COUNTY,3062
THE COLONY H S,The Colony,DENTON COUNTY,2038
HEBRON H S,Carrollton,DENTON COUNTY,3646
FLOWER MOUND H S,Flower Mound,DENTON COUNTY,3682
PILOT POINT H S,Pilot Point,DENTON COUNTY,456
KRUM H S,Krum,DENTON COUNTY,659
PONDER H S,Ponder,DENTON COUNTY,480
AUBREY H S,Aubrey,DENTON COUNTY,773
SANGER H S,Sanger,DENTON COUNTY,757
LINDA TUTT H S,Sanger,DENTON COUNTY,18
ARGYLE H S,Argyle,DENTON COUNTY,1150
NORTHWEST H S,Justin,DENTON COUNTY,1981
BYRON NELSON H S,Roanoke,DENTON COUNTY,2620
JAMES M STEELE H S,Roanoke,DENTON COUNTY,232
V R EATON H S,Fort Worth,DENTON COUNTY,2712
LEGACY LEARNING CENTER,Haslet,DENTON COUNTY,0
LAKE DALLAS H S,Denton,DENTON COUNTY,1250
LITTLE ELM H S,Little Elm,DENTON COUNTY,2413
CUERO H S,Cuero,DEWITT COUNTY,618
YOAKUM H S,Yoakum,DEWITT COUNTY,484
YORKTOWN H S,Yorktown,DEWITT COUNTY,149
CARRIZO SPRINGS H S,Carrizo Springs,DIMMIT COUNTY,624
CLARENDON H S,Clarendon,DONLEY COUNTY,134
SAN DIEGO H S,San Diego,DUVAL COUNTY,421
FREER H S,Freer,DUVAL COUNTY,224
CISCO H S,Cisco,EASTLAND COUNTY,242
EASTLAND H S,Eastland,EASTLAND COUNTY,331
EASTLAND CARE CAMPUS,Eastland,EASTLAND COUNTY,0
GORMAN H S,Gorman,EASTLAND COUNTY,86
RANGER H S,Ranger,EASTLAND COUNTY,107
ODESSA H S,Odessa,ECTOR COUNTY,3949
PERMIAN H S,Odessa,ECTOR COUNTY,3629
GEORGE H W BUSH NEW TECH ODESSA,Odessa,ECTOR COUNTY,414
ODESSA CAREER AND TECHNICAL EARLY COLLEGE H S,Odessa,ECTOR COUNTY,348
ODESSA COLLEGIATE ACADEMY EARLY COLLEGE H S,Odessa,ECTOR COUNTY,359
ENNIS H S,Ennis,ELLIS COUNTY,1719
FERRIS H S,Ferris,ELLIS COUNTY,744
MIDLOTHIAN H S,Midlothian,ELLIS COUNTY,2010
MIDLOTHIAN HERITAGE H S,Midlothian,ELLIS COUNTY,1097
PALMER H S,Palmer,ELLIS COUNTY,349
RED OAK H S,Red Oak,ELLIS COUNTY,1960
WAXAHACHIE H S,Waxahachie,ELLIS COUNTY,2602
WAXAHACHIE H S OF CHOICE,Waxahachie,ELLIS COUNTY,32
WAXAHACHIE GLOBAL H S,Waxahachie,ELLIS COUNTY,407
MAYPEARL H S,Maypearl,ELLIS COUNTY,377
TRIUMPH PUBLIC HIGH SCHOOLS-EL PASO WEST,El Paso,EL PASO COUNTY,51
TRIUMPH PUBLIC HIGH SCHOOLS-EL PASO EAST,El Paso,EL PASO COUNTY,125
EL PASO ACADEMY,El Paso,EL PASO COUNTY,191
EL PASO ACADEMY WEST,El Paso,EL PASO COUNTY,131
EL PASO LEADERSHIP ACADEMY - H S EAST,El Paso,EL PASO COUNTY,0
CLINT H S,Clint,EL PASO COUNTY,728
MOUNTAIN VIEW H S,El Paso,EL PASO COUNTY,829
HORIZON H S,El Paso,EL PASO COUNTY,1587
CLINT ISD EARLY COLLEGE ACADEMY,Clint,EL PASO COUNTY,347
ANDRESS H S,El Paso,EL PASO COUNTY,1450
AUSTIN H S,El Paso,EL PASO COUNTY,1262
BOWIE H S,El Paso,EL PASO COUNTY,1225
BURGES H S,El Paso,EL PASO COUNTY,1519
CORONADO H S,El Paso,EL PASO COUNTY,2523
EL PASO H S,El Paso,EL PASO COUNTY,1509
CAREER & TECH ED CTR,El Paso,EL PASO COUNTY,0
IRVIN H S,El Paso,EL PASO COUNTY,1144
JEFFERSON H S,El Paso,EL PASO COUNTY,1144
FRANKLIN H S,El Paso,EL PASO COUNTY,3069
SILVA HEALTH MAGNET,El Paso,EL PASO COUNTY,654
CHAPIN H S,El Paso,EL PASO COUNTY,1746
HS-3 NW H S,El Paso,EL PASO COUNTY,0
HS-5 NE H S,El Paso,EL PASO COUNTY,0
TRANSMOUNTAIN EARLY COLLEGE H S,El Paso,EL PASO COUNTY,396
FABENS H S,Fabens,EL PASO COUNTY,682
SAN ELIZARIO H S,San Elizario,EL PASO COUNTY,1030
BEL AIR H S,El Paso,EL PASO COUNTY,1951
EASTWOOD H S,El Paso,EL PASO COUNTY,2447
PARKLAND H S,El Paso,EL PASO COUNTY,1732
YSLETA H S,El Paso,EL PASO COUNTY,1499
RIVERSIDE H S,El Paso,EL PASO COUNTY,1069
J M HANKS H S,El Paso,EL PASO COUNTY,1530
DEL VALLE H S,El Paso,EL PASO COUNTY,2047
TEJAS SCHOOL OF CHOICE,El Paso,EL PASO COUNTY,40
VALLE VERDE EARLY COLLEGE H S,El Paso,EL PASO COUNTY,370
PLATO ACADEMY,El Paso,EL PASO COUNTY,68
ANTHONY H S,Anthony,EL PASO COUNTY,227
CANUTILLO H S,El Paso,EL PASO COUNTY,1468
NORTHWEST EARLY COLLEGE H S (NWECHS),El Paso,EL PASO COUNTY,388
TORNILLO H S,Tornillo,EL PASO COUNTY,330
SOCORRO H S,El Paso,EL PASO COUNTY,2415
MONTWOOD H S,El Paso,EL PASO COUNTY,2686
AMERICAS H S,El Paso,EL PASO COUNTY,2527
EL DORADO H S,El Paso,EL PASO COUNTY,2203
MISSION EARLY COLLEGE H S,El Paso,EL PASO COUNTY,476
EASTLAKE H S,El Paso,EL PASO COUNTY,2432
OPTIONS H S,El Paso,EL PASO COUNTY,88
PEBBLE HILLS H S,El Paso,EL PASO COUNTY,2714
PREMIER H S OF AMARILLO,Amarillo,ERATH COUNTY,246
PREMIER H S ONLINE,Lewisville,ERATH COUNTY,1628
PREMIER H S OF NORTH HOUSTON,Houston,ERATH COUNTY,76
PREMIER H S OF TEXARKANA,Texarkana,ERATH COUNTY,83
PREMIER HIGH SCHOOL-SAN ANTONIO INGRAM,San Antonio,ERATH COUNTY,118
PREMIER H S - SAN ANGELO,San Angelo,ERATH COUNTY,142
PREMIER H S HOUSTON GALLERY NORTH,Houston,ERATH COUNTY,137
PREMIER H S ODESSA,Odessa,ERATH COUNTY,57
PREMIER HIGH SCHOOL-CANYON,Canyon,ERATH COUNTY,0
PREMIER H S - HOUSTON - HOBBY,Houston,ERATH COUNTY,0
PREMIER H S - CORPUS CHRISTI,Corpus Christi,ERATH COUNTY,0
STEPHENVILLE H S,Stephenville,ERATH COUNTY,1057
MARLIN HIGH,Marlin,FALLS COUNTY,219
MARLIN OPPORTUNITY CENTER,Marlin,FALLS COUNTY,0
ROSEBUD-LOTT H S,Lott,FALLS COUNTY,216
BONHAM H S,Bonham,FANNIN COUNTY,494
HONEY GROVE H S,Honey Grove,FANNIN COUNTY,199
LEONARD H S,Leonard,FANNIN COUNTY,262
TRENTON H S,Trenton,FANNIN COUNTY,222
LA GRANGE H S,La Grange,FAYETTE COUNTY,603
FLOYDADA COLLEGIATE H S,Floydada,FLOYD COUNTY,201
LOCKNEY H S,Lockney,FLOYD COUNTY,139
LAMAR CONS H S,Rosenberg,FORT BEND COUNTY,1787
B F TERRY H S,Rosenberg,FORT BEND COUNTY,2179
FOSTER H S,Richmond,FORT BEND COUNTY,1997
GEORGE RANCH H S,Richmond,FORT BEND COUNTY,2855
FULSHEAR H S,Fulshear,FORT BEND COUNTY,1687
DR THOMAS E RANDLE H S,Richmond,FORT BEND COUNTY,0
NEEDVILLE H S,Needville,FORT BEND COUNTY,1027
DULLES H S,Stafford,FORT BEND COUNTY,2543
WILLOWRIDGE H S,Houston,FORT BEND COUNTY,1289
CLEMENTS H S,Sugar Land,FORT BEND COUNTY,2496
KEMPNER H S,Sugar Land,FORT BEND COUNTY,2068
LAWRENCE E ELKINS H S,Missouri City,FORT BEND COUNTY,2556
STEPHEN F AUSTIN H S,Sugar Land,FORT BEND COUNTY,2245
HIGHTOWER H S,Missouri City,FORT BEND COUNTY,2150
GEORGE BUSH H S,Richmond,FORT BEND COUNTY,2511
THURGOOD MARSHALL H S,Missouri City,FORT BEND COUNTY,1389
WILLIAM B TRAVIS H S,Richmond,FORT BEND COUNTY,3008
RIDGE POINT H S,Missouri City,FORT BEND COUNTY,3030
ALMETA CRAWFORD H S,Sugar Land,FORT BEND COUNTY,0
STAFFORD H S,Stafford,FORT BEND COUNTY,1045
MT VERNON H S,Mount Vernon,FRANKLIN COUNTY,462
FAIRFIELD H S,Fairfield,FREESTONE COUNTY,483
TEAGUE H S,Teague,FREESTONE COUNTY,362
TEAGUE LION ACADEMY,Teague,FREESTONE COUNTY,29
WORTHAM H S,Wortham,FREESTONE COUNTY,141
DILLEY H S,Dilley,FRIO COUNTY,267
PEARSALL H S,Pearsall,FRIO COUNTY,609
SEMINOLE H S,Seminole,GAINES COUNTY,824
DICKINSON H S,Dickinson,GALVESTON COUNTY,3337
BALL H S,Galveston,GALVESTON COUNTY,2053
TEXAS CITY H S,Texas City,GALVESTON COUNTY,1782
LA MARQUE H S,La Marque,GALVESTON COUNTY,716
HITCHCOCK H S,Hitchcock,GALVESTON COUNTY,378
SANTA FE H S,Santa Fe,GALVESTON COUNTY,1323
CLEAR CREEK H S,League City,GALVESTON COUNTY,2381
CLEAR LAKE H S,Houston,GALVESTON COUNTY,2440
CLEAR BROOK H S,Friendswood,GALVESTON COUNTY,2394
CLEAR VIEW H S,Webster,GALVESTON COUNTY,128
CLEAR SPRINGS H S,League City,GALVESTON COUNTY,2833
CLEAR HORIZONS EARLY COLLEGE H S,Houston,GALVESTON COUNTY,444
CLEAR FALLS H S,League City,GALVESTON COUNTY,2564
FRIENDSWOOD H S,Friendswood,GALVESTON COUNTY,2029
POST H S,Post,GARZA COUNTY,205
FREDERICKSBURG H S,Fredericksburg,GILLESPIE COUNTY,1019
ALTER SCH,Fredericksburg,GILLESPIE COUNTY,28
HARPER H S,Harper,GILLESPIE COUNTY,169
GOLIAD H S,Goliad,GOLIAD COUNTY,359
GONZALES H S,Gonzales,GONZALES COUNTY,838
NIXON-SMILEY H S,Nixon,GONZALES COUNTY,285
NIXON-SMILEY PACE,Smiley,GONZALES COUNTY,1
PAMPA H S,Pampa,GRAY COUNTY,1064
BELLS H S,Bells,GRAYSON COUNTY,279
DENISON H S,Denison,GRAYSON COUNTY,1323
PATHWAYS H S,Denison,GRAYSON COUNTY,18
HOWE H S,Howe,GRAYSON COUNTY,357
SHERMAN H S,Sherman,GRAYSON COUNTY,2015
JEFFERSON LEARNING CTR,Denison,GRAYSON COUNTY,61
VAN ALSTYNE H S,Van Alstyne,GRAYSON COUNTY,537
WHITESBORO H S,Whitesboro,GRAYSON COUNTY,420
WHITEWRIGHT H S,Whitewright,GRAYSON COUNTY,250
POTTSBORO H S,Pottsboro,GRAYSON COUNTY,444
S AND S CONS H S,Sadler,GRAYSON COUNTY,297
GUNTER H S,Gunter,GRAYSON COUNTY,312
TOM BEAN H S,Sherman,GRAYSON COUNTY,217
DAN CHADWICK CAMPUS,Longview,GREGG COUNTY,138
GLADEWATER H S,Gladewater,GREGG COUNTY,489
KILGORE H S,Kilgore,GREGG COUNTY,1140
LONGVIEW H S,Longview,GREGG COUNTY,2147
PINE TREE H S,Longview,GREGG COUNTY,1330
SABINE H S,Gladewater,GREGG COUNTY,441
SPRING HILL H S,Longview,GREGG COUNTY,566
WHITE OAK H S,White Oak,GREGG COUNTY,428
NAVASOTA H S,Navasota,GRIMES COUNTY,805
W B BIZZELL ACADEMY,Navasota,GRIMES COUNTY,30
SEGUIN H S,Seguin,GUADALUPE COUNTY,2049
MERCER & BLUMBERG LRN CTR,Seguin,GUADALUPE COUNTY,70
SAMUEL CLEMENS H S,Schertz,GUADALUPE COUNTY,2590
ALLISON L STEELE E L C,Schertz,GUADALUPE COUNTY,84
BYRON P STEELE II H S,Cibolo,GUADALUPE COUNTY,2610
NAVARRO H S,Seguin,GUADALUPE COUNTY,619
MARION H S,Marion,GUADALUPE COUNTY,469
ABERNATHY H S,Abernathy,HALE COUNTY,252
HALE CENTER H S,Hale Center,HALE COUNTY,175
PLAINVIEW H S,Plainview,HALE COUNTY,1444
MEMPHIS H S,Memphis,HALL COUNTY,133
HAMILTON H S,Hamilton,HAMILTON COUNTY,221
GRUVER H S,Gruver,HANSFORD COUNTY,170
SPEARMAN H S,Spearman,HANSFORD COUNTY,264
QUANAH H S,Quanah,HARDEMAN COUNTY,161
KOUNTZE H S,Kountze,HARDIN COUNTY,330
SILSBEE H S,Silsbee,HARDIN COUNTY,782
HARDIN-JEFFERSON H S,Sour Lake,HARDIN COUNTY,696
LUMBERTON H S,Lumberton,HARDIN COUNTY,1244
FORTIS ACADEMY,Houston,HARRIS COUNTY,0
EARLY COLLEGE T-STEM ACADEMY,Houston,HARRIS COUNTY,279
HOUSTON HEIGHTS CHARTER SCHOOL,Houston,HARRIS COUNTY,178
CALVIN NELMS H S,Katy,HARRIS COUNTY,165
EMPOWERMENT H S,Houston,HARRIS COUNTY,351
HARMONY SCIENCE ACADEMY-HOUSTON,Houston,HARRIS COUNTY,694
HARMONY SCHOOL OF ADVANCEMENT-HOUSTON,Houston,HARRIS COUNTY,708
HARMONY SCHOOL OF INNOVATION-SUGAR LAND,Sugar Land,HARRIS COUNTY,710
THE PRO-VISION ACADEMY,Houston,HARRIS COUNTY,202
ALDINE H S,Houston,HARRIS COUNTY,2863
CARVER H S FOR APPLIED TECH/ENGINEERING/ARTS,Houston,HARRIS COUNTY,799
MACARTHUR H S,Houston,HARRIS COUNTY,3559
EISENHOWER H S,Houston,HARRIS COUNTY,2791
NIMITZ H S,Houston,HARRIS COUNTY,2656
VICTORY EARLY COLLEGE H S,Houston,HARRIS COUNTY,420
DAVIS H S ALDINE,Houston,HARRIS COUNTY,3298
BLANSON CTE H S,Houston,HARRIS COUNTY,1355
AVALOS P-TECH SCHOOL,Houston,HARRIS COUNTY,254
HASTINGS H S,Houston,HARRIS COUNTY,4134
ELSIK H S,Houston,HARRIS COUNTY,4224
TAYLOR H S,Houston,HARRIS COUNTY,2975
KERR H S,Houston,HARRIS COUNTY,809
CROSSROADS,Houston,HARRIS COUNTY,18
ALIEF EARLY COLLEGE H S,Houston,HARRIS COUNTY,401
CHANNELVIEW H S,Channelview,HARRIS COUNTY,2844
CROSBY H S,Crosby,HARRIS COUNTY,1857
CROSBY CROSSROADS ACADEMY,Crosby,HARRIS COUNTY,22
CY-FAIR H S,Cypress,HARRIS COUNTY,3303
JERSEY VILLAGE H S,Houston,HARRIS COUNTY,3346
CYPRESS CREEK H S,Houston,HARRIS COUNTY,3245
LANGHAM CREEK H S,Houston,HARRIS COUNTY,2839
CYPRESS FALLS H S,Houston,HARRIS COUNTY,2893
CYPRESS SPRINGS H S,Cypress,HARRIS COUNTY,2499
CYPRESS RIDGE H S,Houston,HARRIS COUNTY,3086
CYPRESS WOODS H S,Cypress,HARRIS COUNTY,3240
CYPRESS RANCH H S,Cypress,HARRIS COUNTY,3445
CYPRESS LAKES H S,Katy,HARRIS COUNTY,3133
CYPRESS PARK H S,Cypress,HARRIS COUNTY,2727
BRIDGELAND H S,Cypress,HARRIS COUNTY,3270
DEER PARK H S,Deer Park,HARRIS COUNTY,4013
GALENA PARK H S,Galena Park,HARRIS COUNTY,1876
NORTH SHORE SENIOR HIGH,Houston,HARRIS COUNTY,4602
GALENA PARK ISD CAREER & TECHNICAL ECHS,Houston,HARRIS COUNTY,477
LEE H S,Baytown,HARRIS COUNTY,1786
STERLING H S,Baytown,HARRIS COUNTY,2045
GOOSE CREEK MEMORIAL,Baytown,HARRIS COUNTY,2165
IMPACT EARLY COLLEGE H S,Baytown,HARRIS COUNTY,411
STUART CAREER TECH H S,Baytown,HARRIS COUNTY,347
AUSTIN H S,Houston,HARRIS COUNTY,1520
BELLAIRE H S,Bellaire,HARRIS COUNTY,3218
NORTHSIDE H S,Houston,HARRIS COUNTY,1431
FURR H S,Houston,HARRIS COUNTY,1113
JONES FUTURES ACADEMY,Houston,HARRIS COUNTY,342
KASHMERE H S,Houston,HARRIS COUNTY,830
LAMAR H S,Houston,HARRIS COUNTY,2849
WISDOM H S,Houston,HARRIS COUNTY,1856
MADISON H S,Houston,HARRIS COUNTY,1834
MILBY H S,Houston,HARRIS COUNTY,2154
HEIGHTS H S,Houston,HARRIS COUNTY,2450
STERLING H S,Houston,HARRIS COUNTY,1644
WALTRIP H S,Houston,HARRIS COUNTY,1853
WASHINGTON B T H S,Houston,HARRIS COUNTY,760
WESTBURY H S,Houston,HARRIS COUNTY,2393
WHEATLEY H S,Houston,HARRIS COUNTY,785
WORTHING H S,Houston,HARRIS COUNTY,830
YATES H S,Houston,HARRIS COUNTY,822
SHARPSTOWN H S,Houston,HARRIS COUNTY,1698
SCARBOROUGH H S,Houston,HARRIS COUNTY,731
KINDER H S FOR PERFORMING AND VISUAL ARTS,Houston,HARRIS COUNTY,797
DEBAKEY H S FOR HEALTH PROF,Houston,HARRIS COUNTY,939
CHAVEZ H S,Houston,HARRIS COUNTY,2560
H S FOR LAW AND JUSTICE,Houston,HARRIS COUNTY,488
WESTSIDE H S,Houston,HARRIS COUNTY,2868
EASTWOOD ACADEMY,Houston,HARRIS COUNTY,441
NORTH HOUSTON EARLY COLLEGE H S,Houston,HARRIS COUNTY,489
HOUSTON MATH SCIENCE AND TECHNOLOGY CENTER,Houston,HARRIS COUNTY,2654
MOUNT CARMEL ACADEMY,Houston,HARRIS COUNTY,286
ENERGIZED FOR STEM ACADEMY H S,Houston,HARRIS COUNTY,611
CARNEGIE VANGUARD H S,Houston,HARRIS COUNTY,925
CHALLENGE EARLY COLLEGE H S,Houston,HARRIS COUNTY,486
EAST EARLY COLLEGE H S,Houston,HARRIS COUNTY,446
HOUSTON ACADEMY FOR INTERNATIONAL STUDIES,Houston,HARRIS COUNTY,499
ENERGY INSTITUTE H S,Houston,HARRIS COUNTY,764
NORTH FOREST H S,Houston,HARRIS COUNTY,969
MIDDLE COLLEGE H S AT HCC GULFTON,Houston,HARRIS COUNTY,128
MIDDLE COLLEGE H S AT HCC FRAGA,Houston,HARRIS COUNTY,103
SOUTH EARLY COLLEGE H S,Houston,HARRIS COUNTY,427
HUMBLE H S,Humble,HARRIS COUNTY,2734
KINGWOOD H S,Kingwood,HARRIS COUNTY,2807
GUY M SCONZO EARLY COLLEGE H S,Humble,HARRIS COUNTY,421
ATASCOCITA H S,Humble,HARRIS COUNTY,3686
KINGWOOD PARK H S,Kingwood,HARRIS COUNTY,1876
SUMMER CREEK H S,Houston,HARRIS COUNTY,2927
H S #7,Humble,HARRIS COUNTY,0
KATY H S,Katy,HARRIS COUNTY,3180
TAYLOR H S,Katy,HARRIS COUNTY,3014
ARTHUR MILLER CAREER CENTER,Katy,HARRIS COUNTY,0
MAYDE CREEK H S,Houston,HARRIS COUNTY,2799
CINCO RANCH H S,Katy,HARRIS COUNTY,3401
MORTON RANCH H S,Katy,HARRIS COUNTY,2529
SEVEN LAKES H S,Katy,HARRIS COUNTY,3678
TOMPKINS H S,Katy,HARRIS COUNTY,3484
PAETOW H S,Katy,HARRIS COUNTY,2551
JORDAN H S,Fulshear,HARRIS COUNTY,1127
NEW H S #15,Katy,HARRIS COUNTY,0
KLEIN H S,Spring,HARRIS COUNTY,3190
KLEIN FOREST H S,Houston,HARRIS COUNTY,3487
KLEIN OAK H S,Spring,HARRIS COUNTY,3552
KLEIN COLLINS H S,Spring,HARRIS COUNTY,3328
KLEIN CAIN H S,Houston,HARRIS COUNTY,3777
VISTAS H S,Houston,HARRIS COUNTY,0
LA PORTE H S,La Porte,HARRIS COUNTY,1958
THE ACADEMY OF VIOLA DEWALT H S,La Porte,HARRIS COUNTY,213
PASADENA H S,Pasadena,HARRIS COUNTY,2272
SAM RAYBURN H S,Pasadena,HARRIS COUNTY,2735
SOUTH HOUSTON H S,South Houston,HARRIS COUNTY,2231
DOBIE H S,Houston,HARRIS COUNTY,3877
PASADENA MEMORIAL H S,Pasadena,HARRIS COUNTY,3049
THE SUMMIT (HIGH SCHOOL),Pasadena,HARRIS COUNTY,48
SPRING H S,Spring,HARRIS COUNTY,2778
WESTFIELD H S,Houston,HARRIS COUNTY,2838
ANDY DEKANEY H S,Houston,HARRIS COUNTY,2192
CARL WUNSCHE SR H S,Spring,HARRIS COUNTY,1499
SPRING EARLY COLLEGE ACADEMY,Houston,HARRIS COUNTY,429
MEMORIAL H S,Houston,HARRIS COUNTY,2577
SPRING WOODS H S,Houston,HARRIS COUNTY,2086
NORTHBROOK H S,Houston,HARRIS COUNTY,2573
STRATFORD H S,Houston,HARRIS COUNTY,2192
HAROLD D GUTHRIE CENTER FOR EXCELLENCE,Houston,HARRIS COUNTY,0
TOMBALL H S,Tomball,HARRIS COUNTY,2341
TOMBALL MEMORIAL H S,Tomball,HARRIS COUNTY,2555
TOMBALL STAR ACADEMY,Tomball,HARRIS COUNTY,401
C E KING H S,Houston,HARRIS COUNTY,2939
KASE ACADEMY,Houston,HARRIS COUNTY,86
HARGRAVE H S,Huffman,HARRIS COUNTY,1074
MARSHALL H S,Marshall,HARRISON COUNTY,1391
WASKOM H S,Waskom,HARRISON COUNTY,275
HALLSVILLE H S,Hallsville,HARRISON COUNTY,1413
HARLETON H S,Harleton,HARRISON COUNTY,245
ELYSIAN FIELDS H S,Waskom,HARRISON COUNTY,264
HASKELL H S,Haskell,HASKELL COUNTY,161
KATHERINE ANNE PORTER SCHOOL,Wimberley,HAYS COUNTY,103
SAN MARCOS H S,San Marcos,HAYS COUNTY,2381
DRIPPING SPRINGS H S,Dripping Springs,HAYS COUNTY,2167
WIMBERLEY H S,Wimberley,HAYS COUNTY,815
JACK C HAYS H S,Buda,HAYS COUNTY,2251
LIVE OAK ACADEMY,Buda,HAYS COUNTY,185
LEHMAN H S,Kyle,HAYS COUNTY,2116
MOE AND GENE JOHNSON H S,Buda,HAYS COUNTY,1810
CANADIAN H S,Canadian,HEMPHILL COUNTY,271
ATHENS H S,Athens,HENDERSON COUNTY,923
BROWNSBORO H S,Brownsboro,HENDERSON COUNTY,737
CROSS ROADS H S,Athens,HENDERSON COUNTY,146
EUSTACE H S,Eustace,HENDERSON COUNTY,443
MALAKOFF H S,Malakoff,HENDERSON COUNTY,365
GATEWAY,Malakoff,HENDERSON COUNTY,0
LAPOYNOR H S,Larue,HENDERSON COUNTY,148
HORIZON H S HARLINGEN,Harlingen,HIDALGO COUNTY,0
HORIZON H S WESLACO,Weslaco,HIDALGO COUNTY,0
HORIZON H S MCALLEN,Mcallen,HIDALGO COUNTY,0
TRIUMPH PUBLIC HIGH SCHOOLS-MERCEDES,Mercedes,HIDALGO COUNTY,136
TRIUMPH PUBLIC HIGH SCHOOLS-MCALLEN,Mcallen,HIDALGO COUNTY,110
TRIUMPH PUBLIC HIGH SCHOOLS-SAN BENITO,San Benito,HIDALGO COUNTY,149
TRIUMPH PUBLIC HIGH SCHOOLS-BROWNSVILLE,Brownsville,HIDALGO COUNTY,103
DONNA H S,Donna,HIDALGO COUNTY,2042
3D ACADEMY,Donna,HIDALGO COUNTY,127
DONNA NORTH H S,Donna,HIDALGO COUNTY,2135
EDCOUCH-ELSA H S,Elsa,HIDALGO COUNTY,1381
EDCOUCH-ELSA H S ACADEMY,Elsa,HIDALGO COUNTY,27
EDINBURG H S,Edinburg,HIDALGO COUNTY,2525
ECONOMEDES H S,Edinburg,HIDALGO COUNTY,2750
EDINBURG NORTH H S,Edinburg,HIDALGO COUNTY,2755
ROBERT R VELA H S,Edinburg,HIDALGO COUNTY,2285
HIDALGO EARLY COLLEGE H S,Hidalgo,HIDALGO COUNTY,1051
MCALLEN H S,Mcallen,HIDALGO COUNTY,2218
MEMORIAL H S,Mcallen,HIDALGO COUNTY,2189
ROWE H S,Mcallen,HIDALGO COUNTY,2063
LAMAR ACADEMY,Mcallen,HIDALGO COUNTY,93
ACHIEVE EARLY COLLEGE H S,Mcallen,HIDALGO COUNTY,444
MERCEDES H S,Mercedes,HIDALGO COUNTY,1019
MERCEDES ACADEMIC ACADEMY,Mercedes,HIDALGO COUNTY,54
MERCEDES EARLY COLLEGE ACADEMY,Mercedes,HIDALGO COUNTY,416
MISSION H S,Mission,HIDALGO COUNTY,2298
VETERANS MEMORIAL H S,Mission,HIDALGO COUNTY,1861
MISSION COLLEGIATE H S,Mission,HIDALGO COUNTY,462
PSJA EARLY COLLEGE H S,San Juan,HIDALGO COUNTY,2497
PSJA MEMORIAL EARLY COLLEGE H S,Alamo,HIDALGO COUNTY,1822
PSJA NORTH EARLY COLLEGE H S,Pharr,HIDALGO COUNTY,2155
ELVIS J BALLEW H S,Pharr,HIDALGO COUNTY,192
PSJA SOUTHWEST EARLY COLLEGE H S,Pharr,HIDALGO COUNTY,1767
PSJA THOMAS JEFFERSON T-STEM EARLY COLLEGE H S,San Juan,HIDALGO COUNTY,671
PROGRESO H S,Weslaco,HIDALGO COUNTY,505
SHARYLAND H S,Mission,HIDALGO COUNTY,1525
SHARYLAND PIONEER H S,Mission,HIDALGO COUNTY,1516
SHARYLAND ADVANCED ACADEMIC ACADEMY,Mission,HIDALGO COUNTY,435
LA JOYA H S,La Joya,HIDALGO COUNTY,3015
JUAREZ-LINCOLN H S,Mission,HIDALGO COUNTY,2243
LA JOYA PALMVIEW H S,Mission,HIDALGO COUNTY,2246
JIMMY CARTER EARLY COLLEGE H S,La Joya,HIDALGO COUNTY,408
THELMA ROSA SALINAS STEM EARLY COLLEGE H S,La Joya,HIDALGO COUNTY,496
WESLACO H S,Weslaco,HIDALGO COUNTY,2564
SOUTH PALM GARDENS H S,Mercedes,HIDALGO COUNTY,68
WESLACO EAST H S,Weslaco,HIDALGO COUNTY,2002
WESLACO 21ST CENTURY CTE EARLY COLLEGE H S,Weslaco,HIDALGO COUNTY,263
LA VILLA EARLY COLLEGE H S,La Villa,HIDALGO COUNTY,194
MONTE ALTO H S,Edcouch,HIDALGO COUNTY,275
VALLEY VIEW H S,Pharr,HIDALGO COUNTY,1193
VALLEY VIEW J J A E P,Pharr,HIDALGO COUNTY,0
HILLSBORO H S,Hillsboro,HILL COUNTY,533
ITASCA H S,Itasca,HILL COUNTY,179
WHITNEY H S,Whitney,HILL COUNTY,429
HILL COUNTY JJAEP,Hillsboro,HILL COUNTY,1
LEVELLAND H S,Levelland,HOCKLEY COUNTY,720
SUNDOWN H S,Sundown,HOCKLEY COUNTY,183
RACE (ROUGHNECK ALTERNATIVE CENTER FOR EDUCATION),Sundown,HOCKLEY COUNTY,0
GRANBURY H S,Granbury,HOOD COUNTY,2040
STARS ACCELERATED H S,Granbury,HOOD COUNTY,39
TOLAR H S,Tolar,HOOD COUNTY,250
SULPHUR SPRINGS H S,Sulphur Springs,HOPKINS COUNTY,1249
AUSTIN ACADEMIC CENTER,Sulphur Springs,HOPKINS COUNTY,0
CROCKETT H S,Crockett,HOUSTON COUNTY,375
GRAPELAND H S,Grapeland,HOUSTON COUNTY,169
BIG SPRING H S,Big Spring,HOWARD COUNTY,1112
COAHOMA H S,Coahoma,HOWARD COUNTY,264
FORT HANCOCK H S,Fort Hancock,HUDSPETH COUNTY,120
CADDO MILLS H S,Caddo Mills,HUNT COUNTY,555
CELESTE H S,Celeste,HUNT COUNTY,159
COMMERCE H S,Commerce,HUNT COUNTY,460
NEW HORIZONS LEARNING CENTER,Greenville,HUNT COUNTY,80
GREENVILLE H S,Greenville,HUNT COUNTY,1405
LONE OAK H S,Lone Oak,HUNT COUNTY,332
WH FORD H S,Quinlan,HUNT COUNTY,733
WOLFE CITY H S,Wolfe City,HUNT COUNTY,192
BLAND H S,Farmersville,HUNT COUNTY,212
BOLES H S,Quinlan,HUNT COUNTY,161
BORGER H S,Borger,HUTCHINSON COUNTY,774
SANFORD-FRITCH H S,Fritch,HUTCHINSON COUNTY,210
WEST TEXAS H S,Stinnett,HUTCHINSON COUNTY,198
JACKSBORO H S,Jacksboro,JACK COUNTY,291
EDNA H S,Edna,JACKSON COUNTY,397
GANADO H S,Ganado,JACKSON COUNTY,202
INDUSTRIAL H S,Vanderbilt,JACKSON COUNTY,374
BUNA H S,Buna,JASPER COUNTY,438
JASPER H S,Jasper,JASPER COUNTY,730
KIRBYVILLE H S,Kirbyville,JASPER COUNTY,379
EVADALE H S,Buna,JASPER COUNTY,131
TEKOA ACADEMY OF ACCELERATED STUDIES,Port Arthur,JEFFERSON COUNTY,95
BOB HOPE H S,Port Arthur,JEFFERSON COUNTY,469
NEDERLAND H S,Nederland,JEFFERSON COUNTY,1459
STILWELL TECH CTR/CATE,Port Arthur,JEFFERSON COUNTY,0
MEMORIAL H S,Port Arthur,JEFFERSON COUNTY,1937
PORT NECHES-GROVES H S,Port Neches,JEFFERSON COUNTY,1476
WEST BROOK SR H S,Beaumont,JEFFERSON COUNTY,2342
O C TAYLOR CTR,Beaumont,JEFFERSON COUNTY,0
PAUL A BROWN ALTERNATIVE CENTER,Beaumont,JEFFERSON COUNTY,116
BEAUMONT ISD EARLY COLLEGE H S,Beaumont,JEFFERSON COUNTY,338
BEAUMONT UNITED H S,Beaumont,JEFFERSON COUNTY,2231
HAMSHIRE-FANNETT H S,Hamshire,JEFFERSON COUNTY,582
HEBBRONVILLE H S,Hebbronville,JIM HOGG COUNTY,327
ALICE H S,Alice,JIM WELLS COUNTY,1276
ORANGE GROVE H S,Orange Grove,JIM WELLS COUNTY,518
ALVARADO H S,Alvarado,JOHNSON COUNTY,1121
BURLESON H S,Burleson,JOHNSON COUNTY,1649
CROSSROADS H S,Burleson,JOHNSON COUNTY,92
BURLESON CENTENNIAL H S,Burleson,JOHNSON COUNTY,2003
BURLESON COLLEGIATE H S,Burleson,JOHNSON COUNTY,241
CLEBURNE H S,Cleburne,JOHNSON COUNTY,1960
TEAM SCH,Cleburne,JOHNSON COUNTY,47
GRANDVIEW H S,Grandview,JOHNSON COUNTY,428
JOSHUA H S,Joshua,JOHNSON COUNTY,1128
NEW HORIZON H S,Joshua,JOHNSON COUNTY,34
KEENE H S,Keene,JOHNSON COUNTY,331
ALTER LEARNING CTR,Cleburne,JOHNSON COUNTY,8
RIO VISTA H S,Rio Vista,JOHNSON COUNTY,221
VENUS H S,Venus,JOHNSON COUNTY,638
GODLEY H S,Godley,JOHNSON COUNTY,665
ANSON H S,Anson,JONES COUNTY,219
HAWLEY H S,Hawley,JONES COUNTY,221
LUEDERS-AVOCA H S,Avoca,JONES COUNTY,29
STAMFORD H S,Stamford,JONES COUNTY,185
KARNES CITY H S,Karnes City,KARNES COUNTY,451
KENEDY H S,Kenedy,KARNES COUNTY,206
CRANDALL H S,Crandall,KAUFMAN COUNTY,1392
CRANDALL COMPASS ACADEMY,Crandall,KAUFMAN COUNTY,49
FORNEY H S,Forney,KAUFMAN COUNTY,1749
NORTH FORNEY H S,Forney,KAUFMAN COUNTY,2043
THE KEITH BELL CENTER,Forney,KAUFMAN COUNTY,0
KAUFMAN H S,Kaufman,KAUFMAN COUNTY,1180
GARY W CAMPBELL H S,Kaufman,KAUFMAN COUNTY,32
KEMP H S,Kemp,KAUFMAN COUNTY,449
MABANK H S,Mabank,KAUFMAN COUNTY,1013
TERRELL H S,Terrell,KAUFMAN COUNTY,1285
TERRELL ALTERNATIVE EDUCATION CENTER/PHOENIX SCH,Terrell,KAUFMAN COUNTY,11
SCURRY-ROSSER H S,Scurry,KAUFMAN COUNTY,334
BOERNE H S,Boerne,KENDALL COUNTY,1228
BOERNE - SAMUEL V CHAMPION H S,Boerne,KENDALL COUNTY,1883
COMFORT H S,Comfort,KENDALL COUNTY,324
CENTER POINT H S,Center Point,KERR COUNTY,156
TIVY H S,Kerrville,KERR COUNTY,1412
HILL COUNTRY H S,Kerrville,KERR COUNTY,39
INGRAM TOM MOORE H S,Ingram,KERR COUNTY,315
JUNCTION H S,Junction,KIMBLE COUNTY,161
BRACKETT H S,Brackettville,KINNEY COUNTY,157
H M KING H S,Kingsville,KLEBERG COUNTY,883
SANTA GERTRUDIS ACADEMY H S,Kingsville,KLEBERG COUNTY,360
CHISUM H S,Paris,LAMAR COUNTY,319
PARIS H S,Paris,LAMAR COUNTY,902
TRAVIS H S OF CHOICE,Paris,LAMAR COUNTY,43
NORTH LAMAR H S,Paris,LAMAR COUNTY,713
PRAIRILAND H S,Pattonville,LAMAR COUNTY,287
LITTLEFIELD H S,Littlefield,LAMB COUNTY,362
OLTON H S,Olton,LAMB COUNTY,186
LAMPASAS H S,Lampasas,LAMPASAS COUNTY,1012
LEON VALLEY,Gatesville,LAMPASAS COUNTY,27
COTULLA H S,Cotulla,LA SALLE COUNTY,375
HALLETTSVILLE H S,Hallettsville,LAVACA COUNTY,373
GIDDINGS H S,Giddings,LEE COUNTY,640
LEXINGTON H S,Lexington,LEE COUNTY,318
BUFFALO H S,Buffalo,LEON COUNTY,289
NORMANGEE H S,Normangee,LEON COUNTY,206
CLEVELAND H S,Cleveland,LIBERTY COUNTY,2262
FREDERICK A DOUGLASS LEARNING ACADEMY,Cleveland,LIBERTY COUNTY,49
DAYTON H S,Dayton,LIBERTY COUNTY,1506
FREDDA NOTTINGHAM ALTERNATIVE EDUCATION CENTER,Dayton,LIBERTY COUNTY,5
HARDIN H S,Liberty,LIBERTY COUNTY,338
HULL-DAISETTA H S,Daisetta,LIBERTY COUNTY,139
LIBERTY H S,Liberty,LIBERTY COUNTY,630
TARKINGTON H S,Cleveland,LIBERTY COUNTY,490
GROESBECK H S,Groesbeck,LIMESTONE COUNTY,431
MEXIA H S,Mexia,LIMESTONE COUNTY,531
GEORGE WEST H S,George West,LIVE OAK COUNTY,287
LLANO H S,Llano,LLANO COUNTY,510
TRIUMPH PUBLIC HIGH SCHOOLS-LUBBOCK,Lubbock,LUBBOCK COUNTY,193
CORONADO H S,Lubbock,LUBBOCK COUNTY,2044
ESTACADO H S,Lubbock,LUBBOCK COUNTY,905
LUBBOCK H S,Lubbock,LUBBOCK COUNTY,1919
MONTEREY H S,Lubbock,LUBBOCK COUNTY,2153
NEW DEAL H S,Lubbock,LUBBOCK COUNTY,218
SLATON H S,Slaton,LUBBOCK COUNTY,386
LUBBOCK-COOPER H S,Lubbock,LUBBOCK COUNTY,1836
LUBBOCK-COOPER NEW HOPE ACADEMY,Lubbock,LUBBOCK COUNTY,103
2ND H S IN THE DISTRICT,Lubbock,LUBBOCK COUNTY,0
FRENSHIP H S,Wolfforth,LUBBOCK COUNTY,2871
ROOSEVELT H S,Lubbock,LUBBOCK COUNTY,294
SHALLOWATER H S,Shallowater,LUBBOCK COUNTY,465
IDALOU H S,Idalou,LUBBOCK COUNTY,298
TAHOKA H S,Tahoka,LYNN COUNTY,157
MADISONVILLE H S,Madisonville,MADISON COUNTY,642
JEFFERSON H S,Jefferson,MARION COUNTY,365
STANTON H S,Stanton,MARTIN COUNTY,257
MASON H S,Mason,MASON COUNTY,228
BAY CITY H S,Bay City,MATAGORDA COUNTY,991
TIDEHAVEN H S,Bay City,MATAGORDA COUNTY,261
PALACIOS H S,Palacios,MATAGORDA COUNTY,369
VAN VLECK H S,Van Vleck,MATAGORDA COUNTY,321
EAGLE PASS H S,Eagle Pass,MAVERICK COUNTY,2264
C C WINN H S,Eagle Pass,MAVERICK COUNTY,2092
BRADY H S,Brady,MCCULLOCH COUNTY,309
PAUL AND JANE MEYER PUBLIC H S,Waco,MCLENNAN COUNTY,182
MIDWAY H S,Woodway,MCLENNAN COUNTY,2499
LA VEGA H S,Waco,MCLENNAN COUNTY,936
LORENA HIGH,Lorena,MCLENNAN COUNTY,516
MART ACADEMIC ALERNATIVE PROGRAM,Mart,MCLENNAN COUNTY,4
MCGREGOR H S,Mc Gregor,MCLENNAN COUNTY,428
MOODY H S,Moody,MCLENNAN COUNTY,204
WACO H S,Waco,MCLENNAN COUNTY,2122
UNIVERSITY H S,Waco,MCLENNAN COUNTY,1763
WEST H S,West,MCLENNAN COUNTY,428
AXTELL H S,Axtell,MCLENNAN COUNTY,187
BRUCEVILLE-EDDY H S,Eddy,MCLENNAN COUNTY,210
AXTELL/BRUCEVILLE-EDDY LEARNING CENTER,Eddy,MCLENNAN COUNTY,3
CHINA SPRING H S,China Spring,MCLENNAN COUNTY,849
CONNALLY HIGH SCHOOL,Waco,MCLENNAN COUNTY,638
ROBINSON H S,Waco,MCLENNAN COUNTY,696
BOSQUEVILLE H S,Waco,MCLENNAN COUNTY,219
DEVINE H S,Devine,MEDINA COUNTY,576
NATALIA H S,Natalia,MEDINA COUNTY,308
HONDO H S,Hondo,MEDINA COUNTY,576
MEDINA VALLEY H S,Castroville,MEDINA COUNTY,1756
MENARD H S,Menard,MENARD COUNTY,80
LEGACY H S,Midland,MIDLAND COUNTY,2348
MIDLAND H S,Midland,MIDLAND COUNTY,2347
EARLY COLLEGE H S AT MIDLAND COLLEGE,Midland,MIDLAND COUNTY,384
GREENWOOD H S,Midland,MIDLAND COUNTY,744
CAMERON YOE H S,Cameron,MILAM COUNTY,476
MILANO H S,Milano,MILAM COUNTY,149
ROCKDALE H S,Rockdale,MILAM COUNTY,431
THORNDALE H S,Thorndale,MILAM COUNTY,220
GOLDTHWAITE H S,Goldthwaite,MILLS COUNTY,162
PECAN RIDGE H S,San Saba,MILLS COUNTY,43
COLORADO H S,Colorado City,MITCHELL COUNTY,211
BOWIE H S,Bowie,MONTAGUE COUNTY,497
NOCONA H S,Nocona,MONTAGUE COUNTY,258
CONROE H S,Conroe,MONTGOMERY COUNTY,4429
THE WOODLANDS H S,Spring,MONTGOMERY COUNTY,4309
OAK RIDGE H S,Conroe,MONTGOMERY COUNTY,2514
CANEY CREEK H S,Conroe,MONTGOMERY COUNTY,2159
COLLEGE PARK H S,Conroe,MONTGOMERY COUNTY,3133
MONTGOMERY H S,Montgomery,MONTGOMERY COUNTY,1516
LAKE CREEK H S,Montgomery,MONTGOMERY COUNTY,1463
WILLIS H S,Willis,MONTGOMERY COUNTY,2362
MAGNOLIA H S,Magnolia,MONTGOMERY COUNTY,2035
MAGNOLIA WEST H S,Magnolia,MONTGOMERY COUNTY,2099
ALPHA,Magnolia,MONTGOMERY COUNTY,65
SPLENDORA H S,Splendora,MONTGOMERY COUNTY,1240
NEW CANEY H S,New Caney,MONTGOMERY COUNTY,2131
PORTER H S,Porter,MONTGOMERY COUNTY,2218
INFINITY EARLY COLLEGE H S,Porter,MONTGOMERY COUNTY,395
WEST FORK H S,New Caney,MONTGOMERY COUNTY,0
DUMAS H S,Dumas,MOORE COUNTY,1098
SUNRAY H S,Sunray,MOORE COUNTY,146
DAINGERFIELD H S,Daingerfield,MORRIS COUNTY,316
PEWITT H S,Omaha,MORRIS COUNTY,248
CHIRENO H S,Chireno,NACOGDOCHES COUNTY,102
GARRISON H S,Garrison,NACOGDOCHES COUNTY,209
NACOGDOCHES H S,Nacogdoches,NACOGDOCHES COUNTY,1739
MARGIE CHUMBLEY ACADEMY FOR SUCCESS,Nacogdoches,NACOGDOCHES COUNTY,71
WODEN H S,Woden,NACOGDOCHES COUNTY,212
CENTRAL HEIGHTS H S,Nacogdoches,NACOGDOCHES COUNTY,326
BLOOMING GROVE H S,Blooming Grove,NAVARRO COUNTY,288
CORSICANA H IGH SCHOOL,Corsicana,NAVARRO COUNTY,1712
RICE H S,Rice,NAVARRO COUNTY,294
NEWTON H S,Newton,NEWTON COUNTY,259
SWEETWATER H S,Sweetwater,NOLAN COUNTY,566
JP COWEN ACHIEVEMENT CENTER,Sweetwater,NOLAN COUNTY,49
WALLACE ACCELERATED H S,Colorado City,NOLAN COUNTY,0
BISHOP H S,Bishop,NUECES COUNTY,548
CALALLEN H S,Corpus Christi,NUECES COUNTY,1231
CARROLL H S,Corpus Christi,NUECES COUNTY,1426
KING H S,Corpus Christi,NUECES COUNTY,1566
MOODY H S,Corpus Christi,NUECES COUNTY,1530
RAY H S,Corpus Christi,NUECES COUNTY,1812
COLLEGIATE H S,Corpus Christi,NUECES COUNTY,417
HAROLD T BRANCH ACADEMY FOR CAREER & TECHNICAL ED,Corpus Christi,NUECES COUNTY,281
VETERANS MEMORIAL H S,Corpus Christi,NUECES COUNTY,2096
LONDON H S,Corpus Christi,NUECES COUNTY,402
PORT ARANSAS H S,Port Aransas,NUECES COUNTY,191
ROBSTOWN EARLY COLLEGE H S,Robstown,NUECES COUNTY,697
SALAZAR CROSSROADS ACADEMY,Robstown,NUECES COUNTY,27
TULOSO-MIDWAY H S,Corpus Christi,NUECES COUNTY,1100
TULOSO-MIDWAY ACADEMIC CAREER CENTER,Corpus Christi,NUECES COUNTY,33
BANQUETE H S,Banquete,NUECES COUNTY,272
FLOUR BLUFF H S,Corpus Christi,NUECES COUNTY,1876
WEST OSO H S,Corpus Christi,NUECES COUNTY,586
PERRYTON H S,Perryton,OCHILTREE COUNTY,642
LUDI PENA MARTIN ACCELERATED EDUCATION CENTER,Perryton,OCHILTREE COUNTY,19
BOYS RANCH H S,Vega,OLDHAM COUNTY,133
VEGA H S,Vega,OLDHAM COUNTY,123
BRIDGE CITY H S,Bridge City,ORANGE COUNTY,837
ORANGEFIELD H S,Orange,ORANGE COUNTY,519
WEST ORANGE-STARK H S,Orange,ORANGE COUNTY,651
VIDOR H S,Vidor,ORANGE COUNTY,1213
LIT CYPR-MRCEVILLE H S,Orange,ORANGE COUNTY,990
MINERAL WELLS H S,Mineral Wells,PALO PINTO COUNTY,823
CARTHAGE H S,Carthage,PANOLA COUNTY,802
POOLVILLE H S,Poolville,PARKER COUNTY,144
SPRINGTOWN H S,Springtown,PARKER COUNTY,1089
WEATHERFORD H S,Weatherford,PARKER COUNTY,2399
MILLSAP H S,Millsap,PARKER COUNTY,318
ALEDO H S,Aledo,PARKER COUNTY,1428
PEASTER H S,Weatherford,PARKER COUNTY,401
BROCK H S,Weatherford,PARKER COUNTY,479
BOVINA H S,Bovina,PARMER COUNTY,132
FARWELL H S,Farwell,PARMER COUNTY,177
FRIONA H S,Friona,PARMER COUNTY,273
FORT STOCKTON HIGH,Fort Stockton,PECOS COUNTY,691
IRAAN H S,Iraan,PECOS COUNTY,69
GOODRICH H S,Goodrich,POLK COUNTY,66
CORRIGAN-CAMDEN H S,Corrigan,POLK COUNTY,224
LIVINGSTON H S,Livingston,POLK COUNTY,1042
LIVINGSTON H S ACADEMY,Livingston,POLK COUNTY,26
AMARILLO H S,Amarillo,POTTER COUNTY,2164
CAPROCK H S,Amarillo,POTTER COUNTY,2256
AMTECH CAREER ACADEMY,Amarillo,POTTER COUNTY,10
PALO DURO H S,Amarillo,POTTER COUNTY,1915
TASCOSA H S,Amarillo,POTTER COUNTY,2198
NORTH HEIGHTS ALTER,Amarillo,POTTER COUNTY,162
RIVER ROAD H S,Amarillo,POTTER COUNTY,406
HIGHLAND PARK H S,Amarillo,POTTER COUNTY,243
BUSHLAND H S,Amarillo,POTTER COUNTY,481
PRESIDIO H S,Presidio,PRESIDIO COUNTY,379
RAINS H S,Emory,RAINS COUNTY,489
CANYON H S,Canyon,RANDALL COUNTY,1157
RANDALL H S,Amarillo,RANDALL COUNTY,1736
REAGAN COUNTY H S,Big Lake,REAGAN COUNTY,250
RIVERCREST H S,Bogata,RED RIVER COUNTY,183
DETROIT H S,Detroit,RED RIVER COUNTY,130
PECOS H S,Pecos,REEVES COUNTY,702
REFUGIO H S,Refugio,REFUGIO COUNTY,202
BREMOND H S,Bremond,ROBERTSON COUNTY,134
FRANKLIN H S,Franklin,ROBERTSON COUNTY,362
HEARNE H S,Hearne,ROBERTSON COUNTY,226
ROCKWALL H S,Rockwall,ROCKWALL COUNTY,2847
ROCKWALL-HEATH H S,Rockwall,ROCKWALL COUNTY,2626
ROYSE CITY H S,Royse City,ROCKWALL COUNTY,2048
BALLINGER H S,Ballinger,RUNNELS COUNTY,270
WINTERS H S,Winters,RUNNELS COUNTY,167
HENDERSON H S,Henderson,RUSK COUNTY,971
LEVERETTS CHAPEL H S,Overton,RUSK COUNTY,63
TATUM H S,Tatum,RUSK COUNTY,484
WEST RUSK H S,Overton,RUSK COUNTY,318
HEMPHILL H S,Hemphill,SABINE COUNTY,263
COLDSPRING-OAKHURST H S,Coldspring,SAN JACINTO COUNTY,459
SHEPHERD H S,Shepherd,SAN JACINTO COUNTY,539
ARANSAS PASS H S,Aransas Pass,SAN PATRICIO COUNTY,505
GREGORY-PORTLAND H S,Portland,SAN PATRICIO COUNTY,1395
INGLESIDE H S,Ingleside,SAN PATRICIO COUNTY,633
MATHIS H S,Mathis,SAN PATRICIO COUNTY,445
ODEM H S,Odem,SAN PATRICIO COUNTY,271
SINTON H S,Sinton,SAN PATRICIO COUNTY,621
TAFT H S,Taft,SAN PATRICIO COUNTY,279
SAN SABA H S,San Saba,SAN SABA COUNTY,187
ELDORADO H S,Eldorado,SCHLEICHER COUNTY,153
SNYDER ACADEMY,Hermleigh,SCURRY COUNTY,0
SNYDER H S,Snyder,SCURRY COUNTY,757
CENTER H S,Center,SHELBY COUNTY,677
JOAQUIN H S,Joaquin,SHELBY COUNTY,184
STRATFORD H S,Stratford,SHERMAN COUNTY,167
CUMBERLAND H S,Tyler,SMITH COUNTY,665
ARP H S,Arp,SMITH COUNTY,252
BULLARD H S,Bullard,SMITH COUNTY,796
LINDALE H S,Lindale,SMITH COUNTY,1207
TROUP H S,Troup,SMITH COUNTY,301
TYLER LEGACY H S,Tyler,SMITH COUNTY,2351
TYLER H S,Tyler,SMITH COUNTY,2073
TYLER ISD EARLY COLLEGE H S,Tyler,SMITH COUNTY,379
ALVIN V ANDERSON RISE ACADEMY,Tyler,SMITH COUNTY,93
WHITEHOUSE H S,Whitehouse,SMITH COUNTY,1535
CHAPEL HILL H S,Tyler,SMITH COUNTY,1077
WINONA H S,Winona,SMITH COUNTY,293
GLEN ROSE H S,Glen Rose,SOMERVELL COUNTY,572
RIO GRANDE CITY H S,Rio Grande City,STARR COUNTY,1824
RIO GRANDE CITY CISD GRULLA H S,Rio Grande City,STARR COUNTY,789
PREPARATORY FOR EARLY COLLEGE H S,Rio Grande City,STARR COUNTY,509
SAN ISIDRO H S,San Isidro,STARR COUNTY,70
ROMA H S,Roma,STARR COUNTY,1849
BRECKENRIDGE H S,Breckenridge,STEPHENS COUNTY,430
TULIA H S,Tulia,SWISHER COUNTY,280
ARLINGTON H S,Arlington,TARRANT COUNTY,2674
SAM HOUSTON H S,Arlington,TARRANT COUNTY,3625
LAMAR H S,Arlington,TARRANT COUNTY,2615
BOWIE H S,Arlington,TARRANT COUNTY,2433
MARTIN H S,Arlington,TARRANT COUNTY,3675
SEGUIN H S,Arlington,TARRANT COUNTY,1637
ARLINGTON COLLEGIATE H S,Arlington,TARRANT COUNTY,405
ARLINGTON COLLEGE AND CAREER H S,Arlington,TARRANT COUNTY,224
HALTOM H S,Fort Worth,TARRANT COUNTY,2834
RICHLAND H S,North Richland Hills,TARRANT COUNTY,2189
BIRDVILLE H S,North Richland Hills,TARRANT COUNTY,2060
SHANNON H S,Haltom City,TARRANT COUNTY,110
EVERMAN H S,Fort Worth,TARRANT COUNTY,1774
EVERMAN ACADEMY H S,Fort Worth,TARRANT COUNTY,53
CARTER-RIVERSIDE H S,Fort Worth,TARRANT COUNTY,1056
ARLINGTON HEIGHTS H S,Fort Worth,TARRANT COUNTY,1993
SOUTH HILLS H S,Fort Worth,TARRANT COUNTY,1858
DIAMOND HILL-JARVIS H S,Fort Worth,TARRANT COUNTY,1082
DUNBAR H S,Fort Worth,TARRANT COUNTY,923
EASTERN HILLS H S,Fort Worth,TARRANT COUNTY,1068
NORTH SIDE H S,Fort Worth,TARRANT COUNTY,1878
POLYTECHNIC H S,Fort Worth,TARRANT COUNTY,1338
PASCHAL H S,Fort Worth,TARRANT COUNTY,2302
TRIMBLE TECHNICAL H S,Fort Worth,TARRANT COUNTY,1703
SOUTHWEST H S,Fort Worth,TARRANT COUNTY,1382
WESTERN HILLS H S,Fort Worth,TARRANT COUNTY,923
O D WYATT H S,Fort Worth,TARRANT COUNTY,1521
SUCCESS H S,Fort Worth,TARRANT COUNTY,184
TRANSITION CTR,Fort Worth,TARRANT COUNTY,92
TEXAS ACADEMY OF BIOMEDICAL,Fort Worth,TARRANT COUNTY,364
MARINE CREEK COLLEGIATE H S,Fort Worth,TARRANT COUNTY,380
TARRANT CO COLLEGE SOUTH/FORT WORTH COLLEGIATE H S,Fort Worth,TARRANT COUNTY,357
IM TERRELL ACADEMY FOR STEM AND VPA,Fort Worth,TARRANT COUNTY,395
GRAPEVINE H S,Grapevine,TARRANT COUNTY,1915
COLLEYVILLE HERITAGE H S,Colleyville,TARRANT COUNTY,1879
THE BRIDGES ACAD ALTER,Colleyville,TARRANT COUNTY,77
GRAPEVINE-COLLEYVILLE COLLEGIATE ACADEMY AT TCC NE,Hurst,TARRANT COUNTY,364
KELLER H S,Keller,TARRANT COUNTY,3173
FOSSIL RIDGE H S,Keller,TARRANT COUNTY,2338
CENTRAL H S,Keller,TARRANT COUNTY,2595
TIMBER CREEK H S,Keller,TARRANT COUNTY,3238
KELLER LEARNING CENTER,Keller,TARRANT COUNTY,86
MANSFIELD SUMMIT H S,Arlington,TARRANT COUNTY,1999
MANSFIELD H S,Mansfield,TARRANT COUNTY,2527
MANSFIELD TIMBERVIEW H S,Arlington,TARRANT COUNTY,1890
MANSFIELD LEGACY H S,Mansfield,TARRANT COUNTY,2378
THE PHOENIX ACADEMY,Mansfield,TARRANT COUNTY,83
MANSFIELD LAKE RIDGE H S,Mansfield,TARRANT COUNTY,2622
TCCSE EARLY COLLEGE H S AT TIMBERVIEW,Arlington,TARRANT COUNTY,286
LAKE WORTH H S,Fort Worth,TARRANT COUNTY,959
CROWLEY H S,Crowley,TARRANT COUNTY,2211
NORTH CROWLEY H S,Fort Worth,TARRANT COUNTY,2744
KENNEDALE H S,Kennedale,TARRANT COUNTY,988
AZLE H S,Azle,TARRANT COUNTY,1965
AZLE HORNET ACADEMY,Azle,TARRANT COUNTY,47
KEYS H S,Euless,TARRANT COUNTY,80
CASTLEBERRY H S,Fort Worth,TARRANT COUNTY,987
REACH H S,Fort Worth,TARRANT COUNTY,31
BOSWELL H S,Fort Worth,TARRANT COUNTY,2265
ELMER C WATSON H S,Fort Worth,TARRANT COUNTY,98
SAGINAW H S,Fort Worth,TARRANT COUNTY,2001
CHISHOLM TRAIL H S,Fort Worth,TARRANT COUNTY,2288
BREWER H S,Fort Worth,TARRANT COUNTY,2115
ISCHOOL HIGH AT THE WOODLANDS,Conroe,TAYLOR COUNTY,308
ABILENE H S,Abilene,TAYLOR COUNTY,2141
COOPER H S,Abilene,TAYLOR COUNTY,1799
ACADEMY FOR TECHNOLOGY ENGINEERING MATH & SCIENCE,Abilene,TAYLOR COUNTY,343
MERKEL H S,Merkel,TAYLOR COUNTY,317
JIM NED H S,Tuscola,TAYLOR COUNTY,401
WYLIE H S,Abilene,TAYLOR COUNTY,1313
BROWNFIELD H S,Brownfield,TERRY COUNTY,437
BROWNFIELD EDUCATION CENTER,Brownfield,TERRY COUNTY,27
MOUNT PLEASANT H S,Mount Pleasant,TITUS COUNTY,1570
CHAPEL HILL H S,Mount Pleasant,TITUS COUNTY,329
CENTRAL H S,San Angelo,TOM GREEN COUNTY,3187
LAKE VIEW H S,San Angelo,TOM GREEN COUNTY,1058
FAIRVIEW AEP,San Angelo,TOM GREEN COUNTY,0
WALL H S,Wall,TOM GREEN COUNTY,347
GRAPE CREEK H S,San Angelo,TOM GREEN COUNTY,298
UNIVERSITY OF TEXAS AT AUSTIN H S,Austin,TRAVIS COUNTY,274
THE UNIVERSITY OF TEXAS AT AUSTIN INTERNATIONAL H S,Austin,TRAVIS COUNTY,0
UNIVERSITY H S,Austin,TRAVIS COUNTY,15
CEDARS ACADEMY NEXT GENERATION H S AT HIGHLAND,Austin,TRAVIS COUNTY,116
KIPP AUSTIN COLLEGIATE,Austin,TRAVIS COUNTY,756
KIPP AUSTIN BRAVE,Austin,TRAVIS COUNTY,703
KIPP HOUSTON H S,Houston,TRAVIS COUNTY,692
KIPP GENERATIONS COLLEGIATE,Houston,TRAVIS COUNTY,587
KIPP NORTHEAST COLLEGE PREPARATORY,Houston,TRAVIS COUNTY,555
KIPP SUNNYSIDE H S,Houston,TRAVIS COUNTY,591
KIPP CONNECT H S,Houston,TRAVIS COUNTY,458
KIPP EAST END H S,Houston,TRAVIS COUNTY,166
KIPP UNIVERSITY PREP H S,San Antonio,TRAVIS COUNTY,803
KIPP SOMOS H S,San Antonio,TRAVIS COUNTY,233
KIPP OAK CLIFF ACADEMY,Dallas,TRAVIS COUNTY,280
AUSTIN ACHIEVE H S,Austin,TRAVIS COUNTY,584
THE EXCEL CENTER FOR ADULTS - LOCKHART,Lockhart,TRAVIS COUNTY,102
THE EXCEL CENTER FOR ADULTS - SOUTH AUSTIN,Austin,TRAVIS COUNTY,82
BILLY MOORE,Overton,TRAVIS COUNTY,100
BRADSHAW,Henderson,TRAVIS COUNTY,0
THE EXCEL CENTER FOR ADULTS AYW,Austin,TRAVIS COUNTY,56
DIBOLL,Diboll,TRAVIS COUNTY,0
LEARN4LIFE-AUSTIN,Austin,TRAVIS COUNTY,0
AUSTIN H S,Austin,TRAVIS COUNTY,2349
NAVARRO EARLY COLLEGE H S,Austin,TRAVIS COUNTY,1570
MCCALLUM H S,Austin,TRAVIS COUNTY,1835
NORTHEAST EARLY COLLEGE H S,Austin,TRAVIS COUNTY,1087
TRAVIS EARLY COLLEGE H S,Austin,TRAVIS COUNTY,1243
CROCKETT ECHS,Austin,TRAVIS COUNTY,1554
ANDERSON H S,Austin,TRAVIS COUNTY,2241
BOWIE H S,Austin,TRAVIS COUNTY,2886
LBJ ECHS,Austin,TRAVIS COUNTY,833
GARZA INDEPENDENCE H S,Austin,TRAVIS COUNTY,183
AKINS H S,Austin,TRAVIS COUNTY,2810
LASA H S,Austin,TRAVIS COUNTY,1254
EASTSIDE MEMORIAL ECHS,Austin,TRAVIS COUNTY,480
GRADUATION PREPARATORY ACADEMY,Austin,TRAVIS COUNTY,57
GRADUATION PREP ACADEMY NAVARRO,Austin,TRAVIS COUNTY,91
INTERNATIONAL H S,Austin,TRAVIS COUNTY,246
PFLUGERVILLE H S,Pflugerville,TRAVIS COUNTY,1949
JOHN B CONNALLY H S,Austin,TRAVIS COUNTY,1761
HENDRICKSON H S,Pflugerville,TRAVIS COUNTY,2133
WEISS H S,Pflugerville,TRAVIS COUNTY,2171
MANOR H S,Manor,TRAVIS COUNTY,2189
MANOR EXCEL ACADEMY,Manor,TRAVIS COUNTY,98
MANOR NEW TECHNOLOGY HIGH,Manor,TRAVIS COUNTY,589
WESTLAKE ALTER,Austin,TRAVIS COUNTY,0
DEL VALLE H S,Del Valle,TRAVIS COUNTY,3310
LAGO VISTA H S,Leander,TRAVIS COUNTY,560
TRAVIS COUNTY JJAEP,Austin,TRAVIS COUNTY,0
LAKE TRAVIS H S,Austin,TRAVIS COUNTY,3558
TRINITY H S,Trinity,TRINITY COUNTY,364
WOODVILLE H S,Woodville,TYLER COUNTY,369
WARREN H S,Warren,TYLER COUNTY,350
BIG SANDY H S,Big Sandy,UPSHUR COUNTY,178
GILMER H S,Gilmer,UPSHUR COUNTY,728
ORE CITY H S,Ore City,UPSHUR COUNTY,280
HARMONY H S,Big Sandy,UPSHUR COUNTY,308
NEW DIANA H S,Diana,UPSHUR COUNTY,311
UNION GROVE H S,Gladewater,UPSHUR COUNTY,226
MCCAMEY H S,Mc Camey,UPTON COUNTY,138
SABINAL H S,Sabinal,UVALDE COUNTY,135
UVALDE H S,Uvalde,UVALDE COUNTY,1177
CROSSROADS ACADEMY,Uvalde,UVALDE COUNTY,39
DEL RIO H S,Del Rio,VAL VERDE COUNTY,2467
DEL RIO EARLY COLLEGE H S,Del Rio,VAL VERDE COUNTY,472
CANTON H S,Canton,VAN ZANDT COUNTY,627
EDGEWOOD H S,Edgewood,VAN ZANDT COUNTY,311
GRAND SALINE H S,Grand Saline,VAN ZANDT COUNTY,305
VAN H S,Van,VAN ZANDT COUNTY,730
WILLS POINT H S,Wills Point,VAN ZANDT COUNTY,732
FRUITVALE H S,Fruitvale,VAN ZANDT COUNTY,117
BLOOMINGTON H S,Victoria,VICTORIA COUNTY,219
CROSSROADS CONNECT ACADEMY,Victoria,VICTORIA COUNTY,26
LIBERTY CREDIT RECOVERY,Victoria,VICTORIA COUNTY,283
VICTORIA EAST H S,Victoria,VICTORIA COUNTY,1879
VICTORIA WEST H S,Victoria,VICTORIA COUNTY,1718
THOMAS BUZBEE VOCATIONAL SCHOOL,New Waverly,WALKER COUNTY,39
NEW WAVERLY H S,New Waverly,WALKER COUNTY,298
HUNTSVILLE H S,Huntsville,WALKER COUNTY,1734
TEXAS ONLINE PREPARATORY H S,Huntsville,WALKER COUNTY,1934
MATTHEW GAINES H S,Midway,WALKER COUNTY,0
HEMPSTEAD H S,Hempstead,WALLER COUNTY,396
HEMPSTEAD ALTERNATIVE LEARNING CENTER,Hempstead,WALLER COUNTY,7
ROYAL H S,Brookshire,WALLER COUNTY,691
MONAHANS H S,Monahans,WARD COUNTY,582
MONAHANS ED CTR,Monahans,WARD COUNTY,11
BRENHAM H S,Brenham,WASHINGTON COUNTY,1552
TRIUMPH PUBLIC HIGH SCHOOLS-LAREDO NORTH,Laredo,WEBB COUNTY,130
TRIUMPH PUBLIC HIGH SCHOOLS-LAREDO SOUTH,Laredo,WEBB COUNTY,112
MARTIN H S,Laredo,WEBB COUNTY,2052
NIXON H S,Laredo,WEBB COUNTY,2233
DR LEO CIGARROA H S,Laredo,WEBB COUNTY,1593
HECTOR J GARCIA EARLY COLLEGE H S,Laredo,WEBB COUNTY,426
UNITED H S,Laredo,WEBB COUNTY,3981
UNITED SOUTH H S,Laredo,WEBB COUNTY,3254
JOHN B ALEXANDER H S,Laredo,WEBB COUNTY,2956
LYNDON B JOHNSON,Laredo,WEBB COUNTY,3217
BRUNI H S,Bruni,WEBB COUNTY,83
BOLING H S,Boling,WHARTON COUNTY,355
EAST BERNARD H S,East Bernard,WHARTON COUNTY,308
EL CAMPO H S,El Campo,WHARTON COUNTY,1141
WHARTON H S,Wharton,WHARTON COUNTY,583
LOUISE H S,Louise,WHARTON COUNTY,137
SHAMROCK H S,Shamrock,WHEELER COUNTY,119
BURKBURNETT H S,Burkburnett,WICHITA COUNTY,850
GATEWAY STUDENT SUPPORT CTR,Burkburnett,WICHITA COUNTY,52
IOWA PARK H S,Iowa Park,WICHITA COUNTY,550
HIRSCHI H S,Wichita Falls,WICHITA COUNTY,859
RIDER H S,Wichita Falls,WICHITA COUNTY,1594
WICHITA FALLS H S,Wichita Falls,WICHITA COUNTY,1286
CAREER EDUCATION CENTER,Wichita Falls,WICHITA COUNTY,0
VERNON H S,Vernon,WILBARGER COUNTY,597
VERNON ISD OPPORTUNITY CENTER,Vernon,WILBARGER COUNTY,0
LASARA H S,Raymondville,WILLACY COUNTY,89
LYFORD H S,Lyford,WILLACY COUNTY,477
RAYMONDVILLE H S,Raymondville,WILLACY COUNTY,549
SAN PERLITA H S,San Perlita,WILLACY COUNTY,79
FLORENCE H S,Florence,WILLIAMSON COUNTY,350
GEORGETOWN H S,Georgetown,WILLIAMSON COUNTY,1956
CHIP RICHARTE H S,Georgetown,WILLIAMSON COUNTY,73
EAST VIEW H S,Georgetown,WILLIAMSON COUNTY,1887
JARRELL H S,Jarrell,WILLIAMSON COUNTY,615
LIBERTY HILL H S,Liberty Hill,WILLIAMSON COUNTY,1497
ROUND ROCK H S,Round Rock,WILLIAMSON COUNTY,3731
WESTWOOD H S,Austin,WILLIAMSON COUNTY,2852
MCNEIL H S,Austin,WILLIAMSON COUNTY,2631
STONY POINT H S,Round Rock,WILLIAMSON COUNTY,2636
CEDAR RIDGE H S,Round Rock,WILLIAMSON COUNTY,2837
NEW 6TH H S - PEARSON RANCH,Round Rock,WILLIAMSON COUNTY,0
SUCCESS H S,Round Rock,WILLIAMSON COUNTY,336
7TH H S - NORTHEAST,Round Rock,WILLIAMSON COUNTY,0
RRISD EARLY COLLEGE H S,Round Rock,WILLIAMSON COUNTY,359
TAYLOR H S,Taylor,WILLIAMSON COUNTY,821
LEGACY EARLY COLLEGE H S,Taylor,WILLIAMSON COUNTY,186
THRALL H S,Thrall,WILLIAMSON COUNTY,241
LEANDER H S,Leander,WILLIAMSON COUNTY,2210
CEDAR PARK H S,Cedar Park,WILLIAMSON COUNTY,2040
VISTA RIDGE H S,Cedar Park,WILLIAMSON COUNTY,2514
ROUSE H S,Leander,WILLIAMSON COUNTY,1824
VANDEGRIFT H S,Austin,WILLIAMSON COUNTY,2811
GLENN H S,Leander,WILLIAMSON COUNTY,1825
NEW HOPE H S,Leander,WILLIAMSON COUNTY,71
FLORESVILLE H S,Floresville,WILSON COUNTY,1263
LA VERNIA H S,La Vernia,WILSON COUNTY,989
POTH H S,Poth,WILSON COUNTY,216
STOCKDALE H S,Stockdale,WILSON COUNTY,231
KERMIT H S,Kermit,WINKLER COUNTY,362
ALVORD H S,Alvord,WISE COUNTY,216
BOYD H S,Boyd,WISE COUNTY,405
BRIDGEPORT H S,Bridgeport,WISE COUNTY,609
CHICO H S,Chico,WISE COUNTY,164
DECATUR H S,Decatur,WISE COUNTY,1033
PARADISE H S,Paradise,WISE COUNTY,358
MINEOLA H S,Mineola,WOOD COUNTY,487
QUITMAN H S,Quitman,WOOD COUNTY,333
WINNSBORO H S,Winnsboro,WOOD COUNTY,466
DENVER CITY H S,Denver City,YOAKUM COUNTY,494
PLAINS H S,Plains,YOAKUM COUNTY,135
GRAHAM H S,Graham,YOUNG COUNTY,655
GRAHAM LEARNING CTR,Graham,YOUNG COUNTY,10
OLNEY H S,Olney,YOUNG COUNTY,200
ZAPATA H S,Zapata,ZAPATA COUNTY,981
CRYSTAL CITY H S,Crystal City,ZAVALA COUNTY,538
